-- MySQL dump 10.13  Distrib 8.0.32, for macos13 (arm64)
--
-- Host: 127.0.0.1    Database: vue3_admin
-- ------------------------------------------------------
-- Server version	8.3.0

/*!40101 SET @OLD_CHARACTER_SET_CLIENT=@@CHARACTER_SET_CLIENT */;
/*!40101 SET @OLD_CHARACTER_SET_RESULTS=@@CHARACTER_SET_RESULTS */;
/*!40101 SET @OLD_COLLATION_CONNECTION=@@COLLATION_CONNECTION */;
/*!50503 SET NAMES utf8mb4 */;
/*!40103 SET @OLD_TIME_ZONE=@@TIME_ZONE */;
/*!40103 SET TIME_ZONE='+00:00' */;
/*!40014 SET @OLD_UNIQUE_CHECKS=@@UNIQUE_CHECKS, UNIQUE_CHECKS=0 */;
/*!40014 SET @OLD_FOREIGN_KEY_CHECKS=@@FOREIGN_KEY_CHECKS, FOREIGN_KEY_CHECKS=0 */;
/*!40101 SET @OLD_SQL_MODE=@@SQL_MODE, SQL_MODE='NO_AUTO_VALUE_ON_ZERO' */;
/*!40111 SET @OLD_SQL_NOTES=@@SQL_NOTES, SQL_NOTES=0 */;

--
-- Current Database: `vue3_admin`
--

CREATE DATABASE /*!32312 IF NOT EXISTS*/ `vue3_admin` /*!40100 DEFAULT CHARACTER SET utf8mb4 COLLATE utf8mb4_0900_ai_ci */ /*!80016 DEFAULT ENCRYPTION='N' */;

USE `vue3_admin`;

--
-- Table structure for table `attr`
--

DROP TABLE IF EXISTS `attr`;
/*!40101 SET @saved_cs_client     = @@character_set_client */;
/*!50503 SET character_set_client = utf8mb4 */;
CREATE TABLE `attr` (
  `id` bigint NOT NULL AUTO_INCREMENT,
  `attr_id` bigint NOT NULL,
  `attr_name` varchar(255) CHARACTER SET utf8mb4 COLLATE utf8mb4_general_ci NOT NULL,
  `category_id` bigint NOT NULL,
  `category_level` tinyint NOT NULL,
  `create_time` timestamp NULL DEFAULT CURRENT_TIMESTAMP,
  `update_time` timestamp NULL DEFAULT CURRENT_TIMESTAMP ON UPDATE CURRENT_TIMESTAMP,
  PRIMARY KEY (`id`),
  UNIQUE KEY `idx_attr_id` (`attr_id`) USING BTREE,
  KEY `idx_attr_name` (`attr_name`) USING BTREE,
  KEY `idx_category_id` (`category_id`) USING BTREE
) ENGINE=InnoDB AUTO_INCREMENT=9 DEFAULT CHARSET=utf8mb4 COLLATE=utf8mb4_general_ci;
/*!40101 SET character_set_client = @saved_cs_client */;

--
-- Dumping data for table `attr`
--

LOCK TABLES `attr` WRITE;
/*!40000 ALTER TABLE `attr` DISABLE KEYS */;
INSERT INTO `attr` VALUES (1,4944215272329216,'手机一级',61,3,'2024-09-14 15:27:33','2024-09-14 15:27:33'),(2,5172348206452736,'电池容量',61,3,'2024-09-15 06:33:03','2024-09-15 06:33:03'),(3,5172598098890752,'运行内存',61,3,'2024-09-15 06:34:03','2024-09-15 06:34:03'),(4,5172776310673408,'机身内存',61,3,'2024-09-15 06:34:46','2024-09-15 06:34:46'),(5,5189255789809664,'CPU型号',61,3,'2024-09-15 07:40:14','2024-09-15 16:20:42');
/*!40000 ALTER TABLE `attr` ENABLE KEYS */;
UNLOCK TABLES;

--
-- Table structure for table `attr_value`
--

DROP TABLE IF EXISTS `attr_value`;
/*!40101 SET @saved_cs_client     = @@character_set_client */;
/*!50503 SET character_set_client = utf8mb4 */;
CREATE TABLE `attr_value` (
  `id` bigint NOT NULL AUTO_INCREMENT,
  `attr_value_id` bigint NOT NULL,
  `value_name` varchar(255) CHARACTER SET utf8mb4 COLLATE utf8mb4_general_ci NOT NULL,
  `attr_id` bigint NOT NULL,
  `create_time` timestamp NULL DEFAULT CURRENT_TIMESTAMP,
  `update_time` timestamp NULL DEFAULT CURRENT_TIMESTAMP ON UPDATE CURRENT_TIMESTAMP,
  PRIMARY KEY (`id`),
  UNIQUE KEY `idx_attr_value_id` (`attr_value_id`) USING BTREE,
  KEY `idx_value_name` (`value_name`) USING BTREE,
  KEY `idx_attr_id` (`attr_id`) USING BTREE
) ENGINE=InnoDB AUTO_INCREMENT=44 DEFAULT CHARSET=utf8mb4 COLLATE=utf8mb4_general_ci;
/*!40101 SET character_set_client = @saved_cs_client */;

--
-- Dumping data for table `attr_value`
--

LOCK TABLES `attr_value` WRITE;
/*!40000 ALTER TABLE `attr_value` DISABLE KEYS */;
INSERT INTO `attr_value` VALUES (1,4944215272329217,'安卓手机',4944215272329216,'2024-09-14 15:27:33','2024-09-14 15:27:33'),(2,4944215272329218,'苹果手机',4944215272329216,'2024-09-14 15:27:33','2024-09-14 15:27:33'),(3,4944215272329219,'安卓手机222',4944215272329216,'2024-09-14 15:27:33','2024-09-14 15:27:33'),(4,4944215272329220,'小米手机',4944215272329216,'2024-09-14 15:27:33','2024-09-14 15:27:33'),(5,5172348206452737,'1200mAh以下',5172348206452736,'2024-09-15 06:33:03','2024-09-15 06:33:03'),(6,5172348206452738,'3000mAh以上',5172348206452736,'2024-09-15 06:33:03','2024-09-15 06:33:03'),(7,5172348206452739,'1200mAh到3000mAh',5172348206452736,'2024-09-15 06:33:03','2024-09-15 06:33:03'),(8,5172598098890753,'128G',5172598098890752,'2024-09-15 06:34:03','2024-09-15 06:34:03'),(9,5172598098890754,'6G',5172598098890752,'2024-09-15 06:34:03','2024-09-15 06:34:03'),(10,5172598098890755,'256G',5172598098890752,'2024-09-15 06:34:03','2024-09-15 06:34:03'),(11,5172776310673409,'32G',5172776310673408,'2024-09-15 06:34:46','2024-09-15 06:34:46'),(12,5172776310673410,'128G',5172776310673408,'2024-09-15 06:34:46','2024-09-15 06:34:46'),(13,5172776310673411,'512G',5172776310673408,'2024-09-15 06:34:46','2024-09-15 06:34:46'),(14,5172776310673412,'64G',5172776310673408,'2024-09-15 06:34:46','2024-09-15 06:34:46'),(15,5172776310673413,'256G',5172776310673408,'2024-09-15 06:34:46','2024-09-15 06:34:46'),(16,5172776310673414,'1T',5172776310673408,'2024-09-15 06:34:46','2024-09-15 06:34:46'),(35,5336270704218112,'枭龙730G',5189255789809664,'2024-09-15 17:24:26','2024-09-15 17:24:26'),(36,5336270708412416,'麒麟990',5189255789809664,'2024-09-15 17:24:26','2024-09-15 17:24:26');
/*!40000 ALTER TABLE `attr_value` ENABLE KEYS */;
UNLOCK TABLES;

--
-- Table structure for table `category1`
--

DROP TABLE IF EXISTS `category1`;
/*!40101 SET @saved_cs_client     = @@character_set_client */;
/*!50503 SET character_set_client = utf8mb4 */;
CREATE TABLE `category1` (
  `id` bigint NOT NULL AUTO_INCREMENT,
  `category1_id` bigint NOT NULL,
  `name` varchar(255) CHARACTER SET utf8mb4 COLLATE utf8mb4_general_ci NOT NULL,
  `create_time` timestamp NULL DEFAULT CURRENT_TIMESTAMP,
  `update_time` timestamp NULL DEFAULT CURRENT_TIMESTAMP ON UPDATE CURRENT_TIMESTAMP,
  PRIMARY KEY (`id`),
  UNIQUE KEY `idx_name` (`name`) USING BTREE,
  UNIQUE KEY `idx_category1_id` (`category1_id`) USING BTREE
) ENGINE=InnoDB AUTO_INCREMENT=19 DEFAULT CHARSET=utf8mb4 COLLATE=utf8mb4_general_ci;
/*!40101 SET character_set_client = @saved_cs_client */;

--
-- Dumping data for table `category1`
--

LOCK TABLES `category1` WRITE;
/*!40000 ALTER TABLE `category1` DISABLE KEYS */;
INSERT INTO `category1` VALUES (2,1,'图书、音像、电子书刊','2024-09-10 15:59:57','2024-09-10 15:59:57'),(3,2,'手机','2024-09-10 15:59:57','2024-09-10 15:59:57'),(4,3,'家用电器','2024-09-10 15:59:57','2024-09-10 15:59:57'),(5,4,'数码','2024-09-10 15:59:57','2024-09-10 15:59:57'),(6,5,'家居家装','2024-09-10 15:59:57','2024-09-10 15:59:57'),(7,6,'电脑办公','2024-09-10 15:59:57','2024-09-10 15:59:57'),(8,7,'厨具','2024-09-10 15:59:57','2024-09-10 15:59:57'),(9,8,'个护化妆','2024-09-10 15:59:57','2024-09-10 15:59:57'),(10,9,'服饰内衣','2024-09-10 15:59:57','2024-09-10 15:59:57'),(11,10,'钟表','2024-09-10 15:59:57','2024-09-10 15:59:57'),(12,11,'鞋靴','2024-09-10 15:59:57','2024-09-10 15:59:57'),(13,12,'母婴','2024-09-10 15:59:57','2024-09-10 15:59:57'),(14,13,'礼品箱包','2024-09-10 15:59:57','2024-09-10 15:59:57'),(15,14,'食品饮料、保健食品','2024-09-10 15:59:57','2024-09-10 15:59:57'),(16,15,'珠宝','2024-09-10 15:59:57','2024-09-10 15:59:57'),(17,16,'汽车用品','2024-09-10 15:59:57','2024-09-10 15:59:57'),(18,17,'运动健康','2024-09-10 15:59:57','2024-09-10 15:59:57');
/*!40000 ALTER TABLE `category1` ENABLE KEYS */;
UNLOCK TABLES;

--
-- Table structure for table `category2`
--

DROP TABLE IF EXISTS `category2`;
/*!40101 SET @saved_cs_client     = @@character_set_client */;
/*!50503 SET character_set_client = utf8mb4 */;
CREATE TABLE `category2` (
  `id` bigint NOT NULL AUTO_INCREMENT,
  `category2_id` bigint NOT NULL,
  `name` varchar(255) CHARACTER SET utf8mb4 COLLATE utf8mb4_general_ci NOT NULL,
  `category1_id` bigint NOT NULL,
  `create_time` timestamp NULL DEFAULT CURRENT_TIMESTAMP,
  `update_time` timestamp NULL DEFAULT CURRENT_TIMESTAMP ON UPDATE CURRENT_TIMESTAMP,
  PRIMARY KEY (`id`),
  UNIQUE KEY `idx_category2_id` (`category2_id`) USING BTREE,
  KEY `idx_name` (`name`) USING BTREE,
  KEY `idx_category1_id` (`category1_id`) USING BTREE
) ENGINE=InnoDB AUTO_INCREMENT=116 DEFAULT CHARSET=utf8mb4 COLLATE=utf8mb4_general_ci;
/*!40101 SET character_set_client = @saved_cs_client */;

--
-- Dumping data for table `category2`
--

LOCK TABLES `category2` WRITE;
/*!40000 ALTER TABLE `category2` DISABLE KEYS */;
INSERT INTO `category2` VALUES (1,1,'电子书刊',1,'2024-09-11 19:04:12','2024-09-11 19:04:12'),(2,2,'音像',1,'2024-09-11 19:04:13','2024-09-11 19:04:13'),(3,3,'英文原版',1,'2024-09-11 19:04:14','2024-09-11 19:04:14'),(4,4,'文艺',1,'2024-09-11 19:04:15','2024-09-11 19:04:15'),(5,5,'少儿',1,'2024-09-11 19:04:16','2024-09-11 19:04:16'),(6,6,'人文社科',1,'2024-09-11 19:04:17','2024-09-11 19:04:17'),(7,7,'经管励志',1,'2024-09-11 19:04:18','2024-09-11 19:04:18'),(8,8,'生活',1,'2024-09-11 19:04:19','2024-09-11 19:04:19'),(9,9,'科技',1,'2024-09-11 19:04:20','2024-09-11 19:04:20'),(10,10,'教育',1,'2024-09-11 19:04:21','2024-09-11 19:04:21'),(11,11,'港台图书',1,'2024-09-11 19:04:22','2024-09-11 19:04:22'),(12,12,'其他',1,'2024-09-11 19:04:23','2024-09-11 19:04:23'),(13,114,'asdad',1,'2024-09-11 19:04:24','2024-09-11 19:04:24'),(14,116,'牛牛',1,'2024-09-11 19:04:25','2024-09-11 19:04:25'),(15,13,'手机通讯',2,'2024-09-11 19:04:26','2024-09-11 19:04:26'),(16,14,'运营商',2,'2024-09-11 19:04:27','2024-09-11 19:04:27'),(17,15,'手机配件',2,'2024-09-11 19:04:28','2024-09-11 19:04:28'),(18,16,'大 家 电',3,'2024-09-11 19:04:29','2024-09-11 19:04:29'),(19,17,'厨卫大电',3,'2024-09-11 19:04:30','2024-09-11 19:04:30'),(20,18,'厨房小电',3,'2024-09-11 19:04:31','2024-09-11 19:04:31'),(21,19,'生活电器',3,'2024-09-11 19:04:32','2024-09-11 19:04:32'),(22,20,'个护健康',3,'2024-09-11 19:04:33','2024-09-11 19:04:33'),(23,21,'五金家装',3,'2024-09-11 19:04:34','2024-09-11 19:04:34'),(24,22,'摄影摄像',4,'2024-09-11 19:04:35','2024-09-11 19:04:35'),(25,23,'数码配件',4,'2024-09-11 19:04:36','2024-09-11 19:04:36'),(26,24,'智能设备',4,'2024-09-11 19:04:37','2024-09-11 19:04:37'),(27,25,'影音娱乐',4,'2024-09-11 19:04:38','2024-09-11 19:04:38'),(28,26,'电子教育',4,'2024-09-11 19:04:39','2024-09-11 19:04:39'),(29,27,'虚拟商品',4,'2024-09-11 19:04:40','2024-09-11 19:04:40'),(30,28,'家纺',5,'2024-09-11 19:04:41','2024-09-11 19:04:41'),(31,29,'灯具',5,'2024-09-11 19:04:42','2024-09-11 19:04:42'),(32,30,'生活日用',5,'2024-09-11 19:04:43','2024-09-11 19:04:43'),(33,31,'家装软饰',5,'2024-09-11 19:04:45','2024-09-11 19:04:45'),(34,32,'宠物生活',5,'2024-09-11 19:04:47','2024-09-11 19:04:47'),(35,33,'电脑整机',6,'2024-09-11 19:04:49','2024-09-11 19:04:49'),(36,34,'电脑配件',6,'2024-09-11 19:04:51','2024-09-11 19:04:51'),(37,35,'外设产品',6,'2024-09-11 19:04:53','2024-09-11 19:04:53'),(38,36,'游戏设备',6,'2024-09-11 19:04:55','2024-09-11 19:04:55'),(39,37,'网络产品',6,'2024-09-11 19:04:57','2024-09-11 19:04:57'),(40,38,'办公设备',6,'2024-09-11 19:04:59','2024-09-11 19:04:59'),(41,39,'文具/耗材',6,'2024-09-11 19:05:01','2024-09-11 19:05:01'),(42,40,'服务产品',6,'2024-09-11 19:05:03','2024-09-11 19:05:03'),(43,41,'烹饪锅具',7,'2024-09-11 19:05:04','2024-09-11 19:05:04'),(44,42,'刀剪菜板',7,'2024-09-11 19:05:06','2024-09-11 19:05:06'),(45,43,'厨房配件',7,'2024-09-11 19:05:07','2024-09-11 19:05:07'),(46,44,'水具酒具',7,'2024-09-11 19:05:09','2024-09-11 19:05:09'),(47,45,'餐具',7,'2024-09-11 19:05:11','2024-09-11 19:05:11'),(48,46,'酒店用品',7,'2024-09-11 19:05:13','2024-09-11 19:05:13'),(49,47,'茶具/咖啡具',7,'2024-09-11 19:05:15','2024-09-11 19:05:15'),(50,48,'清洁用品',8,'2024-09-11 19:05:17','2024-09-11 19:05:17'),(51,49,'面部护肤',8,'2024-09-11 19:05:19','2024-09-11 19:05:19'),(52,50,'身体护理',8,'2024-09-11 19:05:21','2024-09-11 19:05:21'),(53,51,'口腔护理',8,'2024-09-11 19:05:23','2024-09-11 19:05:23'),(54,52,'女性护理',8,'2024-09-11 19:05:25','2024-09-11 19:05:25'),(55,53,'洗发护发',8,'2024-09-11 19:05:27','2024-09-11 19:05:27'),(56,54,'香水彩妆',8,'2024-09-11 19:05:29','2024-09-11 19:05:29'),(57,55,'女装',9,'2024-09-11 19:05:31','2024-09-11 19:05:31'),(58,56,'男装',9,'2024-09-11 19:05:33','2024-09-11 19:05:33'),(59,57,'内衣',9,'2024-09-11 19:05:35','2024-09-11 19:05:35'),(60,58,'洗衣服务',9,'2024-09-11 19:05:37','2024-09-11 19:05:37'),(61,59,'服饰配件',9,'2024-09-11 19:05:39','2024-09-11 19:05:39'),(62,60,'钟表',10,'2024-09-11 19:05:41','2024-09-11 19:05:41'),(63,61,'流行男鞋',11,'2024-09-11 19:05:43','2024-09-11 19:05:43'),(64,62,'时尚女鞋',11,'2024-09-11 19:05:45','2024-09-11 19:05:45'),(65,63,'奶粉',12,'2024-09-11 19:05:47','2024-09-11 19:05:47'),(66,64,'营养辅食',12,'2024-09-11 19:05:49','2024-09-11 19:05:49'),(67,65,'尿裤湿巾',12,'2024-09-11 19:05:51','2024-09-11 19:05:51'),(68,66,'喂养用品',12,'2024-09-11 19:05:54','2024-09-11 19:05:54'),(69,67,'洗护用品',12,'2024-09-11 19:05:56','2024-09-11 19:05:56'),(70,68,'童车童床',12,'2024-09-11 19:05:57','2024-09-11 19:05:57'),(71,69,'寝居服饰',12,'2024-09-11 19:05:59','2024-09-11 19:05:59'),(72,70,'妈妈专区',12,'2024-09-11 19:06:01','2024-09-11 19:06:01'),(73,71,'童装童鞋',12,'2024-09-11 19:06:03','2024-09-11 19:06:03'),(74,72,'安全座椅',12,'2024-09-11 19:06:17','2024-09-11 19:06:17'),(75,73,'潮流女包',13,'2024-09-11 19:06:18','2024-09-11 19:06:18'),(76,74,'精品男包',13,'2024-09-11 19:06:19','2024-09-11 19:06:19'),(77,75,'功能箱包',13,'2024-09-11 19:06:20','2024-09-11 19:06:20'),(78,76,'礼品',13,'2024-09-11 19:06:21','2024-09-11 19:06:21'),(79,77,'奢侈品',13,'2024-09-11 19:06:22','2024-09-11 19:06:22'),(80,78,'婚庆',13,'2024-09-11 19:06:23','2024-09-11 19:06:23'),(81,79,'进口食品',14,'2024-09-11 19:06:24','2024-09-11 19:06:24'),(82,80,'地方特产',14,'2024-09-11 19:06:25','2024-09-11 19:06:25'),(83,81,'休闲食品',14,'2024-09-11 19:06:26','2024-09-11 19:06:26'),(84,82,'粮油调味',14,'2024-09-11 19:06:27','2024-09-11 19:06:27'),(85,83,'饮料冲调',14,'2024-09-11 19:06:28','2024-09-11 19:06:28'),(86,84,'食品礼券',14,'2024-09-11 19:06:29','2024-09-11 19:06:29'),(87,85,'茗茶',14,'2024-09-11 19:06:30','2024-09-11 19:06:30'),(88,86,'时尚饰品',15,'2024-09-11 19:06:31','2024-09-11 19:06:31'),(89,87,'黄金',15,'2024-09-11 19:06:32','2024-09-11 19:06:32'),(90,88,'K金饰品',15,'2024-09-11 19:06:33','2024-09-11 19:06:33'),(91,89,'金银投资',15,'2024-09-11 19:06:34','2024-09-11 19:06:34'),(92,90,'银饰',15,'2024-09-11 19:06:35','2024-09-11 19:06:35'),(93,91,'钻石',15,'2024-09-11 19:06:36','2024-09-11 19:06:36'),(94,92,'翡翠玉石',15,'2024-09-11 19:06:37','2024-09-11 19:06:37'),(95,93,'水晶玛瑙',15,'2024-09-11 19:06:38','2024-09-11 19:06:38'),(96,94,'彩宝',15,'2024-09-11 19:06:39','2024-09-11 19:06:39'),(97,95,'铂金',15,'2024-09-11 19:06:40','2024-09-11 19:06:40'),(98,96,'木手串/把件',15,'2024-09-11 19:06:41','2024-09-11 19:06:41'),(99,97,'珍珠',15,'2024-09-11 19:06:42','2024-09-11 19:06:42'),(100,98,'维修保养',16,'2024-09-11 19:06:43','2024-09-11 19:06:43'),(101,99,'车载电器',16,'2024-09-11 19:06:44','2024-09-11 19:06:44'),(102,100,'美容清洗',16,'2024-09-11 19:06:45','2024-09-11 19:06:45'),(103,101,'汽车装饰',16,'2024-09-11 19:06:46','2024-09-11 19:06:46'),(104,102,'安全自驾',16,'2024-09-11 19:06:47','2024-09-11 19:06:47'),(105,103,'汽车服务',16,'2024-09-11 19:06:48','2024-09-11 19:06:48'),(106,104,'赛事改装',16,'2024-09-11 19:06:49','2024-09-11 19:06:49'),(107,105,'运动鞋包',17,'2024-09-11 19:06:50','2024-09-11 19:06:50'),(108,106,'运动服饰',17,'2024-09-11 19:06:51','2024-09-11 19:06:51'),(109,107,'骑行运动',17,'2024-09-11 19:06:52','2024-09-11 19:06:52'),(110,108,'垂钓用品',17,'2024-09-11 19:06:53','2024-09-11 19:06:53'),(111,109,'游泳用品',17,'2024-09-11 19:06:54','2024-09-11 19:06:54'),(112,110,'户外鞋服',17,'2024-09-11 19:06:55','2024-09-11 19:06:55'),(113,111,'户外装备',17,'2024-09-11 19:06:56','2024-09-11 19:06:56'),(114,112,'健身训练',17,'2024-09-11 19:06:57','2024-09-11 19:06:57'),(115,113,'体育用品',17,'2024-09-11 19:06:58','2024-09-11 19:06:58');
/*!40000 ALTER TABLE `category2` ENABLE KEYS */;
UNLOCK TABLES;

--
-- Table structure for table `category3`
--

DROP TABLE IF EXISTS `category3`;
/*!40101 SET @saved_cs_client     = @@character_set_client */;
/*!50503 SET character_set_client = utf8mb4 */;
CREATE TABLE `category3` (
  `id` bigint NOT NULL AUTO_INCREMENT,
  `category3_id` bigint NOT NULL,
  `name` varchar(255) CHARACTER SET utf8mb4 COLLATE utf8mb4_general_ci NOT NULL,
  `category2_id` bigint NOT NULL,
  `create_time` timestamp NULL DEFAULT CURRENT_TIMESTAMP,
  `update_time` timestamp NULL DEFAULT CURRENT_TIMESTAMP ON UPDATE CURRENT_TIMESTAMP,
  PRIMARY KEY (`id`),
  UNIQUE KEY `idx_category3_id` (`category3_id`) USING BTREE,
  KEY `idx_name` (`name`) USING BTREE,
  KEY `idx_category2_id` (`category2_id`) USING BTREE
) ENGINE=InnoDB AUTO_INCREMENT=1100 DEFAULT CHARSET=utf8mb4 COLLATE=utf8mb4_general_ci;
/*!40101 SET character_set_client = @saved_cs_client */;

--
-- Dumping data for table `category3`
--

LOCK TABLES `category3` WRITE;
/*!40000 ALTER TABLE `category3` DISABLE KEYS */;
INSERT INTO `category3` VALUES (1,1,'电子书',1,'2024-09-12 01:05:52','2024-09-12 01:05:52'),(2,2,'网络原创',1,'2024-09-12 01:05:53','2024-09-12 01:05:53'),(3,3,'数字杂志',1,'2024-09-12 01:05:54','2024-09-12 01:05:54'),(4,4,'多媒体图书',1,'2024-09-12 01:05:55','2024-09-12 01:05:55'),(5,5,'音乐',2,'2024-09-12 01:05:56','2024-09-12 01:05:56'),(6,6,'影视',2,'2024-09-12 01:05:57','2024-09-12 01:05:57'),(7,7,'教育音像',2,'2024-09-12 01:05:58','2024-09-12 01:05:58'),(8,8,'少儿',3,'2024-09-12 01:05:59','2024-09-12 01:05:59'),(9,9,'商务投资',3,'2024-09-12 01:06:00','2024-09-12 01:06:00'),(10,10,'英语学习与考试',3,'2024-09-12 01:06:01','2024-09-12 01:06:01'),(11,11,'文学',3,'2024-09-12 01:06:02','2024-09-12 01:06:02'),(12,12,'传记',3,'2024-09-12 01:06:03','2024-09-12 01:06:03'),(13,13,'励志',3,'2024-09-12 01:06:04','2024-09-12 01:06:04'),(14,14,'小说',4,'2024-09-12 01:06:05','2024-09-12 01:06:05'),(15,15,'文学',4,'2024-09-12 01:06:06','2024-09-12 01:06:06'),(16,16,'青春文学',4,'2024-09-12 01:06:07','2024-09-12 01:06:07'),(17,17,'传记',4,'2024-09-12 01:06:08','2024-09-12 01:06:08'),(18,18,'艺术',4,'2024-09-12 01:06:09','2024-09-12 01:06:09'),(19,19,'少儿',5,'2024-09-12 01:06:10','2024-09-12 01:06:10'),(20,20,'0-2岁',5,'2024-09-12 01:06:11','2024-09-12 01:06:11'),(21,21,'3-6岁',5,'2024-09-12 01:06:13','2024-09-12 01:06:13'),(22,22,'7-10岁',5,'2024-09-12 01:06:15','2024-09-12 01:06:15'),(23,23,'11-14岁',5,'2024-09-12 01:06:17','2024-09-12 01:06:17'),(24,24,'历史',6,'2024-09-12 01:06:19','2024-09-12 01:06:19'),(25,25,'哲学',6,'2024-09-12 01:06:21','2024-09-12 01:06:21'),(26,26,'国学',6,'2024-09-12 01:06:23','2024-09-12 01:06:23'),(27,27,'政治/军事',6,'2024-09-12 01:06:25','2024-09-12 01:06:25'),(28,28,'法律',6,'2024-09-12 01:06:27','2024-09-12 01:06:27'),(29,29,'人文社科',6,'2024-09-12 01:06:29','2024-09-12 01:06:29'),(30,30,'心理学',6,'2024-09-12 01:06:31','2024-09-12 01:06:31'),(31,31,'文化',6,'2024-09-12 01:06:33','2024-09-12 01:06:33'),(32,32,'社会科学',6,'2024-09-12 01:06:35','2024-09-12 01:06:35'),(33,33,'经济',7,'2024-09-12 01:06:37','2024-09-12 01:06:37'),(34,34,'金融与投资',7,'2024-09-12 01:06:39','2024-09-12 01:06:39'),(35,35,'管理',7,'2024-09-12 01:06:41','2024-09-12 01:06:41'),(36,36,'励志与成功',7,'2024-09-12 01:06:43','2024-09-12 01:06:43'),(37,37,'生活',8,'2024-09-12 01:06:45','2024-09-12 01:06:45'),(38,38,'健身与保健',8,'2024-09-12 01:06:47','2024-09-12 01:06:47'),(39,39,'家庭与育儿',8,'2024-09-12 01:06:49','2024-09-12 01:06:49'),(40,40,'旅游',8,'2024-09-12 01:06:51','2024-09-12 01:06:51'),(41,41,'烹饪美食',8,'2024-09-12 01:06:53','2024-09-12 01:06:53'),(42,42,'工业技术',9,'2024-09-12 01:06:55','2024-09-12 01:06:55'),(43,43,'科普读物',9,'2024-09-12 01:06:57','2024-09-12 01:06:57'),(44,44,'建筑',9,'2024-09-12 01:06:59','2024-09-12 01:06:59'),(45,45,'医学',9,'2024-09-12 01:07:01','2024-09-12 01:07:01'),(46,46,'科学与自然',9,'2024-09-12 01:07:03','2024-09-12 01:07:03'),(47,47,'计算机与互联网',9,'2024-09-12 01:07:05','2024-09-12 01:07:05'),(48,48,'电子通信',9,'2024-09-12 01:07:07','2024-09-12 01:07:07'),(49,49,'中小学教辅',10,'2024-09-12 01:07:09','2024-09-12 01:07:09'),(50,50,'教育与考试',10,'2024-09-12 01:07:55','2024-09-12 01:07:55'),(51,51,'外语学习',10,'2024-09-12 01:08:55','2024-09-12 01:08:55'),(52,52,'大中专教材',10,'2024-09-12 01:09:55','2024-09-12 01:09:55'),(53,53,'字典词典',10,'2024-09-12 01:10:55','2024-09-12 01:10:55'),(54,54,'艺术/设计/收藏',11,'2024-09-12 01:11:38','2024-09-12 01:11:38'),(55,55,'经济管理',11,'2024-09-12 01:11:39','2024-09-12 01:11:39'),(56,56,'文化/学术',11,'2024-09-12 01:11:40','2024-09-12 01:11:40'),(57,57,'少儿',11,'2024-09-12 01:11:41','2024-09-12 01:11:41'),(58,58,'工具书',12,'2024-09-12 01:11:42','2024-09-12 01:11:42'),(59,59,'杂志/期刊',12,'2024-09-12 01:11:43','2024-09-12 01:11:43'),(60,60,'套装书',12,'2024-09-12 01:11:44','2024-09-12 01:11:44'),(61,61,'手机',13,'2024-09-12 01:11:45','2024-09-12 01:11:45'),(62,62,'对讲机',13,'2024-09-12 01:11:46','2024-09-12 01:11:46'),(63,63,'合约机',14,'2024-09-12 01:11:47','2024-09-12 01:11:47'),(64,64,'选号中心',14,'2024-09-12 01:11:48','2024-09-12 01:11:48'),(65,65,'装宽带',14,'2024-09-12 01:11:49','2024-09-12 01:11:49'),(66,66,'办套餐',14,'2024-09-12 01:11:51','2024-09-12 01:11:51'),(67,67,'移动电源',15,'2024-09-12 01:11:53','2024-09-12 01:11:53'),(68,68,'电池/移动电源',15,'2024-09-12 01:11:55','2024-09-12 01:11:55'),(69,69,'蓝牙耳机',15,'2024-09-12 01:11:57','2024-09-12 01:11:57'),(70,70,'充电器/数据线',15,'2024-09-12 01:11:59','2024-09-12 01:11:59'),(71,71,'苹果周边',15,'2024-09-12 01:12:01','2024-09-12 01:12:01'),(72,72,'手机耳机',15,'2024-09-12 01:12:03','2024-09-12 01:12:03'),(73,73,'手机贴膜',15,'2024-09-12 01:12:05','2024-09-12 01:12:05'),(74,74,'手机存储卡',15,'2024-09-12 01:12:07','2024-09-12 01:12:07'),(75,75,'充电器',15,'2024-09-12 01:12:09','2024-09-12 01:12:09'),(76,76,'数据线',15,'2024-09-12 01:12:11','2024-09-12 01:12:11'),(77,77,'手机保护套',15,'2024-09-12 01:12:13','2024-09-12 01:12:13'),(78,78,'车载配件',15,'2024-09-12 01:12:15','2024-09-12 01:12:15'),(79,79,'iPhone 配件',15,'2024-09-12 01:12:17','2024-09-12 01:12:17'),(80,80,'手机电池',15,'2024-09-12 01:12:19','2024-09-12 01:12:19'),(81,81,'创意配件',15,'2024-09-12 01:12:21','2024-09-12 01:12:21'),(82,82,'便携/无线音响',15,'2024-09-12 01:12:23','2024-09-12 01:12:23'),(83,83,'手机饰品',15,'2024-09-12 01:12:25','2024-09-12 01:12:25'),(84,84,'拍照配件',15,'2024-09-12 01:12:27','2024-09-12 01:12:27'),(85,85,'手机支架',15,'2024-09-12 01:12:29','2024-09-12 01:12:29'),(86,86,'平板电视',16,'2024-09-12 01:12:31','2024-09-12 01:12:31'),(87,87,'空调',16,'2024-09-12 01:12:33','2024-09-12 01:12:33'),(88,88,'冰箱',16,'2024-09-12 01:12:35','2024-09-12 01:12:35'),(89,89,'洗衣机',16,'2024-09-12 01:12:37','2024-09-12 01:12:37'),(90,90,'家庭影院',16,'2024-09-12 01:12:39','2024-09-12 01:12:39'),(91,91,'DVD/电视盒子',16,'2024-09-12 01:12:41','2024-09-12 01:12:41'),(92,92,'迷你音响',16,'2024-09-12 01:12:43','2024-09-12 01:12:43'),(93,93,'冷柜/冰吧',16,'2024-09-12 01:12:45','2024-09-12 01:12:45'),(94,94,'家电配件',16,'2024-09-12 01:12:47','2024-09-12 01:12:47'),(95,95,'功放',16,'2024-09-12 01:12:55','2024-09-12 01:12:55'),(96,96,'回音壁/Soundbar',16,'2024-09-12 01:13:55','2024-09-12 01:13:55'),(97,97,'Hi-Fi专区',16,'2024-09-12 01:14:55','2024-09-12 01:14:55'),(98,98,'电视盒子',16,'2024-09-12 01:15:12','2024-09-12 01:15:12'),(99,99,'酒柜',16,'2024-09-12 01:15:13','2024-09-12 01:15:13'),(100,100,'燃气灶',17,'2024-09-12 01:15:14','2024-09-12 01:15:14'),(101,101,'油烟机',17,'2024-09-12 01:15:15','2024-09-12 01:15:15'),(102,102,'热水器',17,'2024-09-12 01:15:16','2024-09-12 01:15:16'),(103,103,'消毒柜',17,'2024-09-12 01:15:17','2024-09-12 01:15:17'),(104,104,'洗碗机',17,'2024-09-12 01:15:18','2024-09-12 01:15:18'),(105,105,'料理机',18,'2024-09-12 01:15:19','2024-09-12 01:15:19'),(106,106,'榨汁机',18,'2024-09-12 01:15:20','2024-09-12 01:15:20'),(107,107,'电饭煲',18,'2024-09-12 01:15:21','2024-09-12 01:15:21'),(108,108,'电压力锅',18,'2024-09-12 01:15:22','2024-09-12 01:15:22'),(109,109,'豆浆机',18,'2024-09-12 01:15:23','2024-09-12 01:15:23'),(110,110,'咖啡机',18,'2024-09-12 01:15:24','2024-09-12 01:15:24'),(111,111,'微波炉',18,'2024-09-12 01:15:25','2024-09-12 01:15:25'),(112,112,'电烤箱',18,'2024-09-12 01:15:26','2024-09-12 01:15:26'),(113,113,'电磁炉',18,'2024-09-12 01:15:27','2024-09-12 01:15:27'),(114,114,'面包机',18,'2024-09-12 01:15:28','2024-09-12 01:15:28'),(115,115,'煮蛋器',18,'2024-09-12 01:15:29','2024-09-12 01:15:29'),(116,116,'酸奶机',18,'2024-09-12 01:15:30','2024-09-12 01:15:30'),(117,117,'电炖锅',18,'2024-09-12 01:15:31','2024-09-12 01:15:31'),(118,118,'电水壶/热水瓶',18,'2024-09-12 01:15:32','2024-09-12 01:15:32'),(119,119,'电饼铛',18,'2024-09-12 01:15:33','2024-09-12 01:15:33'),(120,120,'多用途锅',18,'2024-09-12 01:15:35','2024-09-12 01:15:35'),(121,121,'电烧烤炉',18,'2024-09-12 01:15:36','2024-09-12 01:15:36'),(122,122,'果蔬解毒机',18,'2024-09-12 01:15:37','2024-09-12 01:15:37'),(123,123,'其它厨房电器',18,'2024-09-12 01:15:38','2024-09-12 01:15:38'),(124,124,'养生壶/煎药壶',18,'2024-09-12 01:15:39','2024-09-12 01:15:39'),(125,125,'电热饭盒',18,'2024-09-12 01:15:40','2024-09-12 01:15:40'),(126,126,'取暖电器',19,'2024-09-12 01:15:41','2024-09-12 01:15:41'),(127,127,'净化器',19,'2024-09-12 01:15:42','2024-09-12 01:15:42'),(128,128,'加湿器',19,'2024-09-12 01:15:43','2024-09-12 01:15:43'),(129,129,'扫地机器人',19,'2024-09-12 01:15:44','2024-09-12 01:15:44'),(130,130,'吸尘器',19,'2024-09-12 01:15:45','2024-09-12 01:15:45'),(131,131,'挂烫机/熨斗',19,'2024-09-12 01:15:46','2024-09-12 01:15:46'),(132,132,'插座',19,'2024-09-12 01:15:47','2024-09-12 01:15:47'),(133,133,'电话机',19,'2024-09-12 01:15:48','2024-09-12 01:15:48'),(134,134,'清洁机',19,'2024-09-12 01:15:50','2024-09-12 01:15:50'),(135,135,'除湿机',19,'2024-09-12 01:15:52','2024-09-12 01:15:52'),(136,136,'干衣机',19,'2024-09-12 01:15:54','2024-09-12 01:15:54'),(137,137,'收录/音机',19,'2024-09-12 01:15:56','2024-09-12 01:15:56'),(138,138,'电风扇',19,'2024-09-12 01:15:58','2024-09-12 01:15:58'),(139,139,'冷风扇',19,'2024-09-12 01:16:00','2024-09-12 01:16:00'),(140,140,'其它生活电器',19,'2024-09-12 01:16:02','2024-09-12 01:16:02'),(141,141,'生活电器配件',19,'2024-09-12 01:16:04','2024-09-12 01:16:04'),(142,142,'净水器',19,'2024-09-12 01:16:06','2024-09-12 01:16:06'),(143,143,'饮水机',19,'2024-09-12 01:16:07','2024-09-12 01:16:07'),(144,144,'剃须刀',20,'2024-09-12 01:16:09','2024-09-12 01:16:09'),(145,145,'剃/脱毛器',20,'2024-09-12 01:16:11','2024-09-12 01:16:11'),(146,146,'口腔护理',20,'2024-09-12 01:16:13','2024-09-12 01:16:13'),(147,147,'电吹风',20,'2024-09-12 01:16:15','2024-09-12 01:16:15'),(148,148,'美容器',20,'2024-09-12 01:16:17','2024-09-12 01:16:17'),(149,149,'理发器',20,'2024-09-12 01:16:19','2024-09-12 01:16:19'),(150,150,'卷/直发器',20,'2024-09-12 01:16:21','2024-09-12 01:16:21'),(151,151,'按摩椅',20,'2024-09-12 01:16:23','2024-09-12 01:16:23'),(152,152,'按摩器',20,'2024-09-12 01:16:25','2024-09-12 01:16:25'),(153,153,'足浴盆',20,'2024-09-12 01:16:27','2024-09-12 01:16:27'),(154,154,'血压计',20,'2024-09-12 01:16:29','2024-09-12 01:16:29'),(155,155,'电子秤/厨房秤',20,'2024-09-12 01:16:31','2024-09-12 01:16:31'),(156,156,'血糖仪',20,'2024-09-12 01:16:33','2024-09-12 01:16:33'),(157,157,'体温计',20,'2024-09-12 01:16:35','2024-09-12 01:16:35'),(158,158,'其它健康电器',20,'2024-09-12 01:16:37','2024-09-12 01:16:37'),(159,159,'计步器/脂肪检测仪',20,'2024-09-12 01:16:39','2024-09-12 01:16:39'),(160,160,'电动工具',21,'2024-09-12 01:16:41','2024-09-12 01:16:41'),(161,161,'手动工具',21,'2024-09-12 01:16:43','2024-09-12 01:16:43'),(162,162,'仪器仪表',21,'2024-09-12 01:16:45','2024-09-12 01:16:45'),(163,163,'浴霸/排气扇',21,'2024-09-12 01:16:47','2024-09-12 01:16:47'),(164,164,'灯具',21,'2024-09-12 01:16:55','2024-09-12 01:16:55'),(165,165,'LED灯',21,'2024-09-12 01:17:33','2024-09-12 01:17:33'),(166,166,'洁身器',21,'2024-09-12 01:17:34','2024-09-12 01:17:34'),(167,167,'水槽',21,'2024-09-12 01:17:35','2024-09-12 01:17:35'),(168,168,'龙头',21,'2024-09-12 01:17:36','2024-09-12 01:17:36'),(169,169,'淋浴花洒',21,'2024-09-12 01:17:38','2024-09-12 01:17:38'),(170,170,'厨卫五金',21,'2024-09-12 01:17:40','2024-09-12 01:17:40'),(171,171,'家具五金',21,'2024-09-12 01:17:42','2024-09-12 01:17:42'),(172,172,'门铃',21,'2024-09-12 01:17:44','2024-09-12 01:17:44'),(173,173,'电气开关',21,'2024-09-12 01:17:45','2024-09-12 01:17:45'),(174,174,'插座',21,'2024-09-12 01:17:46','2024-09-12 01:17:46'),(175,175,'电工电料',21,'2024-09-12 01:17:47','2024-09-12 01:17:47'),(176,176,'监控安防',21,'2024-09-12 01:17:48','2024-09-12 01:17:48'),(177,177,'电线/线缆',21,'2024-09-12 01:17:49','2024-09-12 01:17:49'),(178,178,'数码相机',22,'2024-09-12 01:17:50','2024-09-12 01:17:50'),(179,179,'单电/微单相机',22,'2024-09-12 01:17:51','2024-09-12 01:17:51'),(180,180,'单反相机',22,'2024-09-12 01:17:52','2024-09-12 01:17:52'),(181,181,'摄像机',22,'2024-09-12 01:17:53','2024-09-12 01:17:53'),(182,182,'拍立得',22,'2024-09-12 01:17:54','2024-09-12 01:17:54'),(183,183,'运动相机',22,'2024-09-12 01:17:55','2024-09-12 01:17:55'),(184,184,'镜头',22,'2024-09-12 01:17:56','2024-09-12 01:17:56'),(185,185,'户外器材',22,'2024-09-12 01:17:57','2024-09-12 01:17:57'),(186,186,'影棚器材',22,'2024-09-12 01:17:58','2024-09-12 01:17:58'),(187,187,'冲印服务',22,'2024-09-12 01:17:59','2024-09-12 01:17:59'),(188,188,'数码相框',22,'2024-09-12 01:18:00','2024-09-12 01:18:00'),(189,189,'存储卡',23,'2024-09-12 01:18:01','2024-09-12 01:18:01'),(190,190,'读卡器',23,'2024-09-12 01:18:02','2024-09-12 01:18:02'),(191,191,'滤镜',23,'2024-09-12 01:18:03','2024-09-12 01:18:03'),(192,192,'闪光灯/手柄',23,'2024-09-12 01:18:04','2024-09-12 01:18:04'),(193,193,'相机包',23,'2024-09-12 01:18:05','2024-09-12 01:18:05'),(194,194,'三脚架/云台',23,'2024-09-12 01:18:06','2024-09-12 01:18:06'),(195,195,'相机清洁/贴膜',23,'2024-09-12 01:18:07','2024-09-12 01:18:07'),(196,196,'机身附件',23,'2024-09-12 01:18:08','2024-09-12 01:18:08'),(197,197,'镜头附件',23,'2024-09-12 01:18:09','2024-09-12 01:18:09'),(198,198,'电池/充电器',23,'2024-09-12 01:18:10','2024-09-12 01:18:10'),(199,199,'移动电源',23,'2024-09-12 01:18:11','2024-09-12 01:18:11'),(200,200,'数码支架',23,'2024-09-12 01:18:12','2024-09-12 01:18:12'),(201,201,'智能手环',24,'2024-09-12 01:18:13','2024-09-12 01:18:13'),(202,202,'智能手表',24,'2024-09-12 01:18:14','2024-09-12 01:18:14'),(203,203,'智能眼镜',24,'2024-09-12 01:18:15','2024-09-12 01:18:15'),(204,204,'运动跟踪器',24,'2024-09-12 01:18:16','2024-09-12 01:18:16'),(205,205,'健康监测',24,'2024-09-12 01:18:17','2024-09-12 01:18:17'),(206,206,'智能配饰',24,'2024-09-12 01:18:18','2024-09-12 01:18:18'),(207,207,'智能家居',24,'2024-09-12 01:18:19','2024-09-12 01:18:19'),(208,208,'体感车',24,'2024-09-12 01:18:20','2024-09-12 01:18:20'),(209,209,'其他配件',24,'2024-09-12 01:18:21','2024-09-12 01:18:21'),(210,210,'智能机器人',24,'2024-09-12 01:18:22','2024-09-12 01:18:22'),(211,211,'无人机',24,'2024-09-12 01:18:23','2024-09-12 01:18:23'),(212,212,'MP3/MP4',25,'2024-09-12 01:18:24','2024-09-12 01:18:24'),(213,213,'智能设备',25,'2024-09-12 01:18:25','2024-09-12 01:18:25'),(214,214,'耳机/耳麦',25,'2024-09-12 01:18:26','2024-09-12 01:18:26'),(215,215,'便携/无线音箱',25,'2024-09-12 01:18:27','2024-09-12 01:18:27'),(216,216,'音箱/音响',25,'2024-09-12 01:18:28','2024-09-12 01:18:28'),(217,217,'高清播放器',25,'2024-09-12 01:18:29','2024-09-12 01:18:29'),(218,218,'收音机',25,'2024-09-12 01:18:30','2024-09-12 01:18:30'),(219,219,'MP3/MP4配件',25,'2024-09-12 01:18:32','2024-09-12 01:18:32'),(220,220,'麦克风',25,'2024-09-12 01:18:34','2024-09-12 01:18:34'),(221,221,'专业音频',25,'2024-09-12 01:18:36','2024-09-12 01:18:36'),(222,222,'苹果配件',25,'2024-09-12 01:18:37','2024-09-12 01:18:37'),(223,223,'学生平板',26,'2024-09-12 01:18:39','2024-09-12 01:18:39'),(224,224,'点读机/笔',26,'2024-09-12 01:18:41','2024-09-12 01:18:41'),(225,225,'早教益智',26,'2024-09-12 01:18:43','2024-09-12 01:18:43'),(226,226,'录音笔',26,'2024-09-12 01:18:45','2024-09-12 01:18:45'),(227,227,'电纸书',26,'2024-09-12 01:18:47','2024-09-12 01:18:47'),(228,228,'电子词典',26,'2024-09-12 01:18:49','2024-09-12 01:18:49'),(229,229,'复读机',26,'2024-09-12 01:18:51','2024-09-12 01:18:51'),(230,230,'延保服务',27,'2024-09-12 01:18:53','2024-09-12 01:18:53'),(231,231,'杀毒软件',27,'2024-09-12 01:18:55','2024-09-12 01:18:55'),(232,232,'积分商品',27,'2024-09-12 01:18:57','2024-09-12 01:18:57'),(233,233,'桌布/罩件',28,'2024-09-12 01:18:59','2024-09-12 01:18:59'),(234,234,'地毯地垫',28,'2024-09-12 01:19:01','2024-09-12 01:19:01'),(235,235,'沙发垫套/椅垫',28,'2024-09-12 01:19:03','2024-09-12 01:19:03'),(236,236,'床品套件',28,'2024-09-12 01:19:05','2024-09-12 01:19:05'),(237,237,'被子',28,'2024-09-12 01:19:07','2024-09-12 01:19:07'),(238,238,'枕芯',28,'2024-09-12 01:19:09','2024-09-12 01:19:09'),(239,239,'床单被罩',28,'2024-09-12 01:19:11','2024-09-12 01:19:11'),(240,240,'毯子',28,'2024-09-12 01:19:13','2024-09-12 01:19:13'),(241,241,'床垫/床褥',28,'2024-09-12 01:19:15','2024-09-12 01:19:15'),(242,242,'蚊帐',28,'2024-09-12 01:19:17','2024-09-12 01:19:17'),(243,243,'抱枕靠垫',28,'2024-09-12 01:19:19','2024-09-12 01:19:19'),(244,244,'毛巾浴巾',28,'2024-09-12 01:19:21','2024-09-12 01:19:21'),(245,245,'电热毯',28,'2024-09-12 01:19:23','2024-09-12 01:19:23'),(246,246,'窗帘/窗纱',28,'2024-09-12 01:19:25','2024-09-12 01:19:25'),(247,247,'布艺软饰',28,'2024-09-12 01:19:27','2024-09-12 01:19:27'),(248,248,'凉席',28,'2024-09-12 01:19:55','2024-09-12 01:19:55'),(249,249,'台灯',29,'2024-09-12 01:20:55','2024-09-12 01:20:55'),(250,250,'节能灯',29,'2024-09-12 01:21:55','2024-09-12 01:21:55'),(251,251,'装饰灯',29,'2024-09-12 01:22:55','2024-09-12 01:22:55'),(252,252,'落地灯',29,'2024-09-12 01:23:55','2024-09-12 01:23:55'),(253,253,'应急灯/手电',29,'2024-09-12 01:24:55','2024-09-12 01:24:55'),(254,254,'LED灯',29,'2024-09-12 01:25:55','2024-09-12 01:25:55'),(255,255,'吸顶灯',29,'2024-09-12 01:26:55','2024-09-12 01:26:55'),(256,256,'五金电器',29,'2024-09-12 01:27:55','2024-09-12 01:27:55'),(257,257,'筒灯射灯',29,'2024-09-12 01:28:55','2024-09-12 01:28:55'),(258,258,'吊灯',29,'2024-09-12 01:29:55','2024-09-12 01:29:55'),(259,259,'氛围照明',29,'2024-09-12 01:30:55','2024-09-12 01:30:55'),(260,260,'保暖防护',30,'2024-09-12 01:31:55','2024-09-12 01:31:55'),(261,261,'收纳用品',30,'2024-09-12 01:32:32','2024-09-12 01:32:32'),(262,262,'雨伞雨具',30,'2024-09-12 01:32:33','2024-09-12 01:32:33'),(263,263,'浴室用品',30,'2024-09-12 01:32:34','2024-09-12 01:32:34'),(264,264,'缝纫/针织用品',30,'2024-09-12 01:32:35','2024-09-12 01:32:35'),(265,265,'洗晒/熨烫',30,'2024-09-12 01:32:36','2024-09-12 01:32:36'),(266,266,'净化除味',30,'2024-09-12 01:32:37','2024-09-12 01:32:37'),(267,267,'相框/照片墙',31,'2024-09-12 01:32:39','2024-09-12 01:32:39'),(268,268,'装饰字画',31,'2024-09-12 01:32:41','2024-09-12 01:32:41'),(269,269,'节庆饰品',31,'2024-09-12 01:32:43','2024-09-12 01:32:43'),(270,270,'手工/十字绣',31,'2024-09-12 01:32:45','2024-09-12 01:32:45'),(271,271,'装饰摆件',31,'2024-09-12 01:32:47','2024-09-12 01:32:47'),(272,272,'帘艺隔断',31,'2024-09-12 01:32:49','2024-09-12 01:32:49'),(273,273,'墙贴/装饰贴',31,'2024-09-12 01:32:51','2024-09-12 01:32:51'),(274,274,'钟饰',31,'2024-09-12 01:32:53','2024-09-12 01:32:53'),(275,275,'花瓶花艺',31,'2024-09-12 01:32:55','2024-09-12 01:32:55'),(276,276,'香薰蜡烛',31,'2024-09-12 01:32:57','2024-09-12 01:32:57'),(277,277,'创意家居',31,'2024-09-12 01:32:59','2024-09-12 01:32:59'),(278,278,'宠物主粮',32,'2024-09-12 01:33:01','2024-09-12 01:33:01'),(279,279,'宠物零食',32,'2024-09-12 01:33:03','2024-09-12 01:33:03'),(280,280,'医疗保健',32,'2024-09-12 01:33:05','2024-09-12 01:33:05'),(281,281,'家居日用',32,'2024-09-12 01:33:07','2024-09-12 01:33:07'),(282,282,'宠物玩具',32,'2024-09-12 01:33:09','2024-09-12 01:33:09'),(283,283,'出行装备',32,'2024-09-12 01:33:11','2024-09-12 01:33:11'),(284,284,'洗护美容',32,'2024-09-12 01:33:13','2024-09-12 01:33:13'),(285,285,'笔记本',33,'2024-09-12 01:33:15','2024-09-12 01:33:15'),(286,286,'超极本',33,'2024-09-12 01:33:17','2024-09-12 01:33:17'),(287,287,'游戏本',33,'2024-09-12 01:33:19','2024-09-12 01:33:19'),(288,288,'平板电脑',33,'2024-09-12 01:33:21','2024-09-12 01:33:21'),(289,289,'平板电脑配件',33,'2024-09-12 01:33:23','2024-09-12 01:33:23'),(290,290,'台式机',33,'2024-09-12 01:33:25','2024-09-12 01:33:25'),(291,291,'服务器/工作站',33,'2024-09-12 01:33:27','2024-09-12 01:33:27'),(292,292,'笔记本配件',33,'2024-09-12 01:33:29','2024-09-12 01:33:29'),(293,293,'一体机',33,'2024-09-12 01:33:31','2024-09-12 01:33:31'),(294,294,'CPU',34,'2024-09-12 01:33:33','2024-09-12 01:33:33'),(295,295,'主板',34,'2024-09-12 01:33:35','2024-09-12 01:33:35'),(296,296,'显卡',34,'2024-09-12 01:33:55','2024-09-12 01:33:55'),(297,297,'硬盘',34,'2024-09-12 01:34:55','2024-09-12 01:34:55'),(298,298,'SSD固态硬盘',34,'2024-09-12 01:35:55','2024-09-12 01:35:55'),(299,299,'内存',34,'2024-09-12 01:36:55','2024-09-12 01:36:55'),(300,300,'机箱',34,'2024-09-12 01:37:55','2024-09-12 01:37:55'),(301,301,'电源',34,'2024-09-12 01:38:55','2024-09-12 01:38:55'),(302,302,'显示器',34,'2024-09-12 01:39:55','2024-09-12 01:39:55'),(303,303,'刻录机/光驱',34,'2024-09-12 01:40:55','2024-09-12 01:40:55'),(304,304,'散热器',34,'2024-09-12 01:41:55','2024-09-12 01:41:55'),(305,305,'声卡/扩展卡',34,'2024-09-12 01:42:55','2024-09-12 01:42:55'),(306,306,'装机配件',34,'2024-09-12 01:43:55','2024-09-12 01:43:55'),(307,307,'组装电脑',34,'2024-09-12 01:44:55','2024-09-12 01:44:55'),(308,308,'移动硬盘',35,'2024-09-12 01:45:55','2024-09-12 01:45:55'),(309,309,'U盘',35,'2024-09-12 01:46:55','2024-09-12 01:46:55'),(310,310,'鼠标',35,'2024-09-12 01:47:55','2024-09-12 01:47:55'),(311,311,'键盘',35,'2024-09-12 01:48:55','2024-09-12 01:48:55'),(312,312,'鼠标垫',35,'2024-09-12 01:49:55','2024-09-12 01:49:55'),(313,313,'摄像头',35,'2024-09-12 01:50:55','2024-09-12 01:50:55'),(314,314,'手写板',35,'2024-09-12 01:51:55','2024-09-12 01:51:55'),(315,315,'硬盘盒',35,'2024-09-12 01:52:55','2024-09-12 01:52:55'),(316,316,'插座',35,'2024-09-12 01:53:55','2024-09-12 01:53:55'),(317,317,'线缆',35,'2024-09-12 01:54:55','2024-09-12 01:54:55'),(318,318,'UPS电源',35,'2024-09-12 01:55:55','2024-09-12 01:55:55'),(319,319,'电脑工具',35,'2024-09-12 01:56:55','2024-09-12 01:56:55'),(320,320,'游戏设备',35,'2024-09-12 01:57:55','2024-09-12 01:57:55'),(321,321,'电玩',35,'2024-09-12 01:58:55','2024-09-12 01:58:55'),(322,322,'电脑清洁',35,'2024-09-12 01:59:55','2024-09-12 01:59:55'),(323,323,'网络仪表仪器',35,'2024-09-12 02:00:55','2024-09-12 02:00:55'),(324,324,'游戏机',36,'2024-09-12 02:01:55','2024-09-12 02:01:55'),(325,325,'游戏耳机',36,'2024-09-12 02:02:55','2024-09-12 02:02:55'),(326,326,'手柄/方向盘',36,'2024-09-12 02:03:55','2024-09-12 02:03:55'),(327,327,'游戏软件',36,'2024-09-12 02:04:55','2024-09-12 02:04:55'),(328,328,'游戏周边',36,'2024-09-12 02:05:55','2024-09-12 02:05:55'),(329,329,'路由器',37,'2024-09-12 02:06:55','2024-09-12 02:06:55'),(330,330,'网卡',37,'2024-09-12 02:07:55','2024-09-12 02:07:55'),(331,331,'交换机',37,'2024-09-12 02:08:53','2024-09-12 02:08:53'),(332,332,'网络存储',37,'2024-09-12 02:08:54','2024-09-12 02:08:54'),(333,333,'4G/3G上网',37,'2024-09-12 02:08:55','2024-09-12 02:08:55'),(334,334,'网络盒子',37,'2024-09-12 02:08:56','2024-09-12 02:08:56'),(335,335,'网络配件',37,'2024-09-12 02:08:57','2024-09-12 02:08:57'),(336,336,'投影机',38,'2024-09-12 02:08:58','2024-09-12 02:08:58'),(337,337,'投影配件',38,'2024-09-12 02:08:59','2024-09-12 02:08:59'),(338,338,'多功能一体机',38,'2024-09-12 02:09:00','2024-09-12 02:09:00'),(339,339,'打印机',38,'2024-09-12 02:09:01','2024-09-12 02:09:01'),(340,340,'传真设备',38,'2024-09-12 02:09:02','2024-09-12 02:09:02'),(341,341,'验钞/点钞机',38,'2024-09-12 02:09:03','2024-09-12 02:09:03'),(342,342,'扫描设备',38,'2024-09-12 02:09:04','2024-09-12 02:09:04'),(343,343,'复合机',38,'2024-09-12 02:09:05','2024-09-12 02:09:05'),(344,344,'碎纸机',38,'2024-09-12 02:09:06','2024-09-12 02:09:06'),(345,345,'考勤机',38,'2024-09-12 02:09:07','2024-09-12 02:09:07'),(346,346,'收款/POS机',38,'2024-09-12 02:09:08','2024-09-12 02:09:08'),(347,347,'会议音频视频',38,'2024-09-12 02:09:09','2024-09-12 02:09:09'),(348,348,'保险柜',38,'2024-09-12 02:09:10','2024-09-12 02:09:10'),(349,349,'装订/封装机',38,'2024-09-12 02:09:12','2024-09-12 02:09:12'),(350,350,'安防监控',38,'2024-09-12 02:09:14','2024-09-12 02:09:14'),(351,351,'办公家具',38,'2024-09-12 02:09:16','2024-09-12 02:09:16'),(352,352,'白板',38,'2024-09-12 02:09:17','2024-09-12 02:09:17'),(353,353,'硒鼓/墨粉',39,'2024-09-12 02:09:18','2024-09-12 02:09:18'),(354,354,'墨盒',39,'2024-09-12 02:09:19','2024-09-12 02:09:19'),(355,355,'色带',39,'2024-09-12 02:09:21','2024-09-12 02:09:21'),(356,356,'纸类',39,'2024-09-12 02:09:23','2024-09-12 02:09:23'),(357,357,'办公文具',39,'2024-09-12 02:09:25','2024-09-12 02:09:25'),(358,358,'学生文具',39,'2024-09-12 02:09:27','2024-09-12 02:09:27'),(359,359,'财会用品',39,'2024-09-12 02:09:29','2024-09-12 02:09:29'),(360,360,'文件管理',39,'2024-09-12 02:09:31','2024-09-12 02:09:31'),(361,361,'本册/便签',39,'2024-09-12 02:09:33','2024-09-12 02:09:33'),(362,362,'计算器',39,'2024-09-12 02:09:35','2024-09-12 02:09:35'),(363,363,'笔类',39,'2024-09-12 02:09:37','2024-09-12 02:09:37'),(364,364,'画具画材',39,'2024-09-12 02:09:39','2024-09-12 02:09:39'),(365,365,'刻录碟片/附件',39,'2024-09-12 02:09:40','2024-09-12 02:09:40'),(366,366,'上门安装',40,'2024-09-12 02:09:41','2024-09-12 02:09:41'),(367,367,'延保服务',40,'2024-09-12 02:09:42','2024-09-12 02:09:42'),(368,368,'维修保养',40,'2024-09-12 02:09:44','2024-09-12 02:09:44'),(369,369,'电脑软件',40,'2024-09-12 02:09:46','2024-09-12 02:09:46'),(370,370,'京东服务',40,'2024-09-12 02:09:47','2024-09-12 02:09:47'),(371,371,'炒锅',41,'2024-09-12 02:09:49','2024-09-12 02:09:49'),(372,372,'煎锅',41,'2024-09-12 02:09:51','2024-09-12 02:09:51'),(373,373,'压力锅',41,'2024-09-12 02:09:53','2024-09-12 02:09:53'),(374,374,'蒸锅',41,'2024-09-12 02:09:55','2024-09-12 02:09:55'),(375,375,'汤锅',41,'2024-09-12 02:09:57','2024-09-12 02:09:57'),(376,376,'奶锅',41,'2024-09-12 02:09:59','2024-09-12 02:09:59'),(377,377,'锅具套装',41,'2024-09-12 02:10:01','2024-09-12 02:10:01'),(378,378,'煲类',41,'2024-09-12 02:10:03','2024-09-12 02:10:03'),(379,379,'水壶',41,'2024-09-12 02:10:05','2024-09-12 02:10:05'),(380,380,'火锅',41,'2024-09-12 02:10:07','2024-09-12 02:10:07'),(381,381,'菜刀',42,'2024-09-12 02:10:09','2024-09-12 02:10:09'),(382,382,'剪刀',42,'2024-09-12 02:10:11','2024-09-12 02:10:11'),(383,383,'刀具套装',42,'2024-09-12 02:10:13','2024-09-12 02:10:13'),(384,384,'砧板',42,'2024-09-12 02:10:15','2024-09-12 02:10:15'),(385,385,'瓜果刀/刨',42,'2024-09-12 02:10:17','2024-09-12 02:10:17'),(386,386,'多功能刀',42,'2024-09-12 02:10:19','2024-09-12 02:10:19'),(387,387,'保鲜盒',43,'2024-09-12 02:10:21','2024-09-12 02:10:21'),(388,388,'烘焙/烧烤',43,'2024-09-12 02:10:23','2024-09-12 02:10:23'),(389,389,'饭盒/提锅',43,'2024-09-12 02:10:25','2024-09-12 02:10:25'),(390,390,'储物/置物架',43,'2024-09-12 02:10:27','2024-09-12 02:10:27'),(391,391,'厨房DIY/小工具',43,'2024-09-12 02:10:29','2024-09-12 02:10:29'),(392,392,'塑料杯',44,'2024-09-12 02:10:31','2024-09-12 02:10:31'),(393,393,'运动水壶',44,'2024-09-12 02:10:33','2024-09-12 02:10:33'),(394,394,'玻璃杯',44,'2024-09-12 02:10:35','2024-09-12 02:10:35'),(395,395,'陶瓷/马克杯',44,'2024-09-12 02:10:37','2024-09-12 02:10:37'),(396,396,'保温杯',44,'2024-09-12 02:10:39','2024-09-12 02:10:39'),(397,397,'保温壶',44,'2024-09-12 02:10:55','2024-09-12 02:10:55'),(398,398,'酒杯/酒具',44,'2024-09-12 02:11:27','2024-09-12 02:11:27'),(399,399,'杯具套装',44,'2024-09-12 02:11:28','2024-09-12 02:11:28'),(400,400,'餐具套装',45,'2024-09-12 02:11:29','2024-09-12 02:11:29'),(401,401,'碗/碟/盘',45,'2024-09-12 02:11:30','2024-09-12 02:11:30'),(402,402,'筷勺/刀叉',45,'2024-09-12 02:11:31','2024-09-12 02:11:31'),(403,403,'一次性用品',45,'2024-09-12 02:11:32','2024-09-12 02:11:32'),(404,404,'果盘/果篮',45,'2024-09-12 02:11:33','2024-09-12 02:11:33'),(405,405,'自助餐炉',46,'2024-09-12 02:11:34','2024-09-12 02:11:34'),(406,406,'酒店餐具',46,'2024-09-12 02:11:35','2024-09-12 02:11:35'),(407,407,'酒店水具',46,'2024-09-12 02:11:36','2024-09-12 02:11:36'),(408,408,'整套茶具',47,'2024-09-12 02:11:37','2024-09-12 02:11:37'),(409,409,'茶杯',47,'2024-09-12 02:11:38','2024-09-12 02:11:38'),(410,410,'茶壶',47,'2024-09-12 02:11:39','2024-09-12 02:11:39'),(411,411,'茶盘茶托',47,'2024-09-12 02:11:40','2024-09-12 02:11:40'),(412,412,'茶叶罐',47,'2024-09-12 02:11:42','2024-09-12 02:11:42'),(413,413,'茶具配件',47,'2024-09-12 02:11:44','2024-09-12 02:11:44'),(414,414,'茶宠摆件',47,'2024-09-12 02:11:46','2024-09-12 02:11:46'),(415,415,'咖啡具',47,'2024-09-12 02:11:47','2024-09-12 02:11:47'),(416,416,'其他',47,'2024-09-12 02:11:49','2024-09-12 02:11:49'),(417,417,'纸品湿巾',48,'2024-09-12 02:11:51','2024-09-12 02:11:51'),(418,418,'衣物清洁',48,'2024-09-12 02:11:53','2024-09-12 02:11:53'),(419,419,'清洁工具',48,'2024-09-12 02:11:55','2024-09-12 02:11:55'),(420,420,'驱虫用品',48,'2024-09-12 02:11:57','2024-09-12 02:11:57'),(421,421,'家庭清洁',48,'2024-09-12 02:11:59','2024-09-12 02:11:59'),(422,422,'皮具护理',48,'2024-09-12 02:12:01','2024-09-12 02:12:01'),(423,423,'一次性用品',48,'2024-09-12 02:12:03','2024-09-12 02:12:03'),(424,424,'洁面',49,'2024-09-12 02:12:05','2024-09-12 02:12:05'),(425,425,'乳液面霜',49,'2024-09-12 02:12:07','2024-09-12 02:12:07'),(426,426,'面膜',49,'2024-09-12 02:12:09','2024-09-12 02:12:09'),(427,427,'剃须',49,'2024-09-12 02:12:11','2024-09-12 02:12:11'),(428,428,'套装',49,'2024-09-12 02:12:13','2024-09-12 02:12:13'),(429,429,'精华',49,'2024-09-12 02:12:15','2024-09-12 02:12:15'),(430,430,'眼霜',49,'2024-09-12 02:12:17','2024-09-12 02:12:17'),(431,431,'卸妆',49,'2024-09-12 02:12:19','2024-09-12 02:12:19'),(432,432,'防晒',49,'2024-09-12 02:12:21','2024-09-12 02:12:21'),(433,433,'防晒隔离',49,'2024-09-12 02:12:23','2024-09-12 02:12:23'),(434,434,'T区护理',49,'2024-09-12 02:12:25','2024-09-12 02:12:25'),(435,435,'眼部护理',49,'2024-09-12 02:12:27','2024-09-12 02:12:27'),(436,436,'精华露',49,'2024-09-12 02:12:29','2024-09-12 02:12:29'),(437,437,'爽肤水',49,'2024-09-12 02:12:31','2024-09-12 02:12:31'),(438,438,'沐浴',50,'2024-09-12 02:12:33','2024-09-12 02:12:33'),(439,439,'润肤',50,'2024-09-12 02:12:35','2024-09-12 02:12:35'),(440,440,'颈部',50,'2024-09-12 02:12:37','2024-09-12 02:12:37'),(441,441,'手足',50,'2024-09-12 02:12:39','2024-09-12 02:12:39'),(442,442,'纤体塑形',50,'2024-09-12 02:12:55','2024-09-12 02:12:55'),(443,443,'美胸',50,'2024-09-12 02:13:55','2024-09-12 02:13:55'),(444,444,'套装',50,'2024-09-12 02:14:55','2024-09-12 02:14:55'),(445,445,'精油',50,'2024-09-12 02:15:55','2024-09-12 02:15:55'),(446,446,'洗发护发',50,'2024-09-12 02:16:55','2024-09-12 02:16:55'),(447,447,'染发/造型',50,'2024-09-12 02:17:55','2024-09-12 02:17:55'),(448,448,'香薰精油',50,'2024-09-12 02:18:55','2024-09-12 02:18:55'),(449,449,'磨砂/浴盐',50,'2024-09-12 02:19:55','2024-09-12 02:19:55'),(450,450,'手工/香皂',50,'2024-09-12 02:20:55','2024-09-12 02:20:55'),(451,451,'洗发',50,'2024-09-12 02:21:55','2024-09-12 02:21:55'),(452,452,'护发',50,'2024-09-12 02:22:55','2024-09-12 02:22:55'),(453,453,'染发',50,'2024-09-12 02:23:55','2024-09-12 02:23:55'),(454,454,'磨砂膏',50,'2024-09-12 02:24:55','2024-09-12 02:24:55'),(455,455,'香皂',50,'2024-09-12 02:25:56','2024-09-12 02:25:56'),(456,456,'牙膏/牙粉',51,'2024-09-12 02:26:55','2024-09-12 02:26:55'),(457,457,'牙刷/牙线',51,'2024-09-12 02:27:51','2024-09-12 02:27:51'),(458,458,'漱口水',51,'2024-09-12 02:27:52','2024-09-12 02:27:52'),(459,459,'套装',51,'2024-09-12 02:27:53','2024-09-12 02:27:53'),(460,460,'卫生巾',52,'2024-09-12 02:27:54','2024-09-12 02:27:54'),(461,461,'卫生护垫',52,'2024-09-12 02:27:55','2024-09-12 02:27:55'),(462,462,'私密护理',52,'2024-09-12 02:27:56','2024-09-12 02:27:56'),(463,463,'脱毛膏',52,'2024-09-12 02:27:57','2024-09-12 02:27:57'),(464,464,'其他',52,'2024-09-12 02:27:58','2024-09-12 02:27:58'),(465,465,'洗发',53,'2024-09-12 02:27:59','2024-09-12 02:27:59'),(466,466,'护发',53,'2024-09-12 02:28:00','2024-09-12 02:28:00'),(467,467,'染发',53,'2024-09-12 02:28:01','2024-09-12 02:28:01'),(468,468,'造型',53,'2024-09-12 02:28:02','2024-09-12 02:28:02'),(469,469,'假发',53,'2024-09-12 02:28:03','2024-09-12 02:28:03'),(470,470,'套装',53,'2024-09-12 02:28:04','2024-09-12 02:28:04'),(471,471,'美发工具',53,'2024-09-12 02:28:05','2024-09-12 02:28:05'),(472,472,'脸部护理',53,'2024-09-12 02:28:06','2024-09-12 02:28:06'),(473,473,'香水',54,'2024-09-12 02:28:07','2024-09-12 02:28:07'),(474,474,'底妆',54,'2024-09-12 02:28:08','2024-09-12 02:28:08'),(475,475,'腮红',54,'2024-09-12 02:28:09','2024-09-12 02:28:09'),(476,476,'眼影',54,'2024-09-12 02:28:10','2024-09-12 02:28:10'),(477,477,'唇部',54,'2024-09-12 02:28:11','2024-09-12 02:28:11'),(478,478,'美甲',54,'2024-09-12 02:28:12','2024-09-12 02:28:12'),(479,479,'眼线',54,'2024-09-12 02:28:14','2024-09-12 02:28:14'),(480,480,'美妆工具',54,'2024-09-12 02:28:17','2024-09-12 02:28:17'),(481,481,'套装',54,'2024-09-12 02:28:17','2024-09-12 02:28:17'),(482,482,'防晒隔离',54,'2024-09-12 02:28:19','2024-09-12 02:28:19'),(483,483,'卸妆',54,'2024-09-12 02:28:21','2024-09-12 02:28:21'),(484,484,'眉笔',54,'2024-09-12 02:28:23','2024-09-12 02:28:23'),(485,485,'睫毛膏',54,'2024-09-12 02:28:25','2024-09-12 02:28:25'),(486,486,'T恤',55,'2024-09-12 02:28:27','2024-09-12 02:28:27'),(487,487,'衬衫',55,'2024-09-12 02:28:29','2024-09-12 02:28:29'),(488,488,'针织衫',55,'2024-09-12 02:28:31','2024-09-12 02:28:31'),(489,489,'雪纺衫',55,'2024-09-12 02:28:33','2024-09-12 02:28:33'),(490,490,'卫衣',55,'2024-09-12 02:28:35','2024-09-12 02:28:35'),(491,491,'马甲',55,'2024-09-12 02:28:37','2024-09-12 02:28:37'),(492,492,'连衣裙',55,'2024-09-12 02:28:39','2024-09-12 02:28:39'),(493,493,'半身裙',55,'2024-09-12 02:28:41','2024-09-12 02:28:41'),(494,494,'牛仔裤',55,'2024-09-12 02:28:43','2024-09-12 02:28:43'),(495,495,'休闲裤',55,'2024-09-12 02:28:45','2024-09-12 02:28:45'),(496,496,'打底裤',55,'2024-09-12 02:28:47','2024-09-12 02:28:47'),(497,497,'正装裤',55,'2024-09-12 02:28:49','2024-09-12 02:28:49'),(498,498,'小西装',55,'2024-09-12 02:28:51','2024-09-12 02:28:51'),(499,499,'短外套',55,'2024-09-12 02:28:53','2024-09-12 02:28:53'),(500,500,'风衣',55,'2024-09-12 02:28:55','2024-09-12 02:28:55'),(501,501,'毛呢大衣',55,'2024-09-12 02:28:57','2024-09-12 02:28:57'),(502,502,'真皮皮衣',55,'2024-09-12 02:28:59','2024-09-12 02:28:59'),(503,503,'棉服',55,'2024-09-12 02:29:01','2024-09-12 02:29:01'),(504,504,'羽绒服',55,'2024-09-12 02:29:04','2024-09-12 02:29:04'),(505,505,'大码女装',55,'2024-09-12 02:29:05','2024-09-12 02:29:05'),(506,506,'中老年女装',55,'2024-09-12 02:29:07','2024-09-12 02:29:07'),(507,507,'婚纱',55,'2024-09-12 02:29:09','2024-09-12 02:29:09'),(508,508,'打底衫',55,'2024-09-12 02:29:11','2024-09-12 02:29:11'),(509,509,'旗袍/唐装',55,'2024-09-12 02:29:55','2024-09-12 02:29:55'),(510,510,'加绒裤',55,'2024-09-12 02:30:56','2024-09-12 02:30:56'),(511,511,'吊带/背心',55,'2024-09-12 02:31:56','2024-09-12 02:31:56'),(512,512,'羊绒衫',55,'2024-09-12 02:32:55','2024-09-12 02:32:55'),(513,513,'短裤',55,'2024-09-12 02:33:55','2024-09-12 02:33:55'),(514,514,'皮草',55,'2024-09-12 02:34:56','2024-09-12 02:34:56'),(515,515,'礼服',55,'2024-09-12 02:35:55','2024-09-12 02:35:55'),(516,516,'仿皮皮衣',55,'2024-09-12 02:36:55','2024-09-12 02:36:55'),(517,517,'羊毛衫',55,'2024-09-12 02:37:55','2024-09-12 02:37:55'),(518,518,'设计师/潮牌',55,'2024-09-12 02:38:55','2024-09-12 02:38:55'),(519,519,'衬衫',56,'2024-09-12 02:39:55','2024-09-12 02:39:55'),(520,520,'T恤',56,'2024-09-12 02:40:55','2024-09-12 02:40:55'),(521,521,'POLO衫',56,'2024-09-12 02:41:56','2024-09-12 02:41:56'),(522,522,'针织衫',56,'2024-09-12 02:42:56','2024-09-12 02:42:56'),(523,523,'羊绒衫',56,'2024-09-12 02:43:56','2024-09-12 02:43:56'),(524,524,'卫衣',56,'2024-09-12 02:44:56','2024-09-12 02:44:56'),(525,525,'马甲/背心',56,'2024-09-12 02:45:56','2024-09-12 02:45:56'),(526,526,'夹克',56,'2024-09-12 02:46:56','2024-09-12 02:46:56'),(527,527,'风衣',56,'2024-09-12 02:47:56','2024-09-12 02:47:56'),(528,528,'毛呢大衣',56,'2024-09-12 02:48:56','2024-09-12 02:48:56'),(529,529,'仿皮皮衣',56,'2024-09-12 02:49:56','2024-09-12 02:49:56'),(530,530,'西服',56,'2024-09-12 02:50:56','2024-09-12 02:50:56'),(531,531,'棉服',56,'2024-09-12 02:51:56','2024-09-12 02:51:56'),(532,532,'羽绒服',56,'2024-09-12 02:52:56','2024-09-12 02:52:56'),(533,533,'牛仔裤',56,'2024-09-12 02:53:56','2024-09-12 02:53:56'),(534,534,'休闲裤',56,'2024-09-12 02:54:56','2024-09-12 02:54:56'),(535,535,'西裤',56,'2024-09-12 02:55:56','2024-09-12 02:55:56'),(536,536,'西服套装',56,'2024-09-12 02:56:56','2024-09-12 02:56:56'),(537,537,'大码男装',56,'2024-09-12 02:57:56','2024-09-12 02:57:56'),(538,538,'中老年男装',56,'2024-09-12 02:58:56','2024-09-12 02:58:56'),(539,539,'唐装/中山装',56,'2024-09-12 02:59:56','2024-09-12 02:59:56'),(540,540,'工装',56,'2024-09-12 03:00:56','2024-09-12 03:00:56'),(541,541,'真皮皮衣',56,'2024-09-12 03:01:56','2024-09-12 03:01:56'),(542,542,'加绒裤',56,'2024-09-12 03:02:56','2024-09-12 03:02:56'),(543,543,'卫裤/运动裤',56,'2024-09-12 03:03:56','2024-09-12 03:03:56'),(544,544,'短裤',56,'2024-09-12 03:04:56','2024-09-12 03:04:56'),(545,545,'设计师/潮牌',56,'2024-09-12 03:05:56','2024-09-12 03:05:56'),(546,546,'羊毛衫',56,'2024-09-12 03:06:56','2024-09-12 03:06:56'),(547,547,'文胸',57,'2024-09-12 03:07:56','2024-09-12 03:07:56'),(548,548,'女式内裤',57,'2024-09-12 03:08:56','2024-09-12 03:08:56'),(549,549,'男式内裤',57,'2024-09-12 03:09:56','2024-09-12 03:09:56'),(550,550,'睡衣/家居服',57,'2024-09-12 03:10:56','2024-09-12 03:10:56'),(551,551,'塑身美体',57,'2024-09-12 03:11:56','2024-09-12 03:11:56'),(552,552,'泳衣',57,'2024-09-12 03:12:56','2024-09-12 03:12:56'),(553,553,'吊带/背心',57,'2024-09-12 03:13:56','2024-09-12 03:13:56'),(554,554,'抹胸',57,'2024-09-12 03:14:56','2024-09-12 03:14:56'),(555,555,'连裤袜/丝袜',57,'2024-09-12 03:15:56','2024-09-12 03:15:56'),(556,556,'美腿袜',57,'2024-09-12 03:16:56','2024-09-12 03:16:56'),(557,557,'商务男袜',57,'2024-09-12 03:17:56','2024-09-12 03:17:56'),(558,558,'保暖内衣',57,'2024-09-12 03:18:56','2024-09-12 03:18:56'),(559,559,'情侣睡衣',57,'2024-09-12 03:19:55','2024-09-12 03:19:55'),(560,560,'文胸套装',57,'2024-09-12 03:20:56','2024-09-12 03:20:56'),(561,561,'少女文胸',57,'2024-09-12 03:21:56','2024-09-12 03:21:56'),(562,562,'休闲棉袜',57,'2024-09-12 03:22:56','2024-09-12 03:22:56'),(563,563,'大码内衣',57,'2024-09-12 03:23:56','2024-09-12 03:23:56'),(564,564,'内衣配件',57,'2024-09-12 03:24:55','2024-09-12 03:24:55'),(565,565,'打底裤袜',57,'2024-09-12 03:25:55','2024-09-12 03:25:55'),(566,566,'打底衫',57,'2024-09-12 03:26:56','2024-09-12 03:26:56'),(567,567,'秋衣秋裤',57,'2024-09-12 03:27:55','2024-09-12 03:27:55'),(568,568,'情趣内衣',57,'2024-09-12 03:28:55','2024-09-12 03:28:55'),(569,569,'服装洗护',58,'2024-09-12 03:29:55','2024-09-12 03:29:55'),(570,570,'太阳镜',59,'2024-09-12 03:30:56','2024-09-12 03:30:56'),(571,571,'光学镜架/镜片',59,'2024-09-12 03:31:56','2024-09-12 03:31:56'),(572,572,'围巾/手套/帽子套装',59,'2024-09-12 03:32:56','2024-09-12 03:32:56'),(573,573,'袖扣',59,'2024-09-12 03:33:55','2024-09-12 03:33:55'),(574,574,'棒球帽',59,'2024-09-12 03:34:55','2024-09-12 03:34:55'),(575,575,'毛线帽',59,'2024-09-12 03:35:56','2024-09-12 03:35:56'),(576,576,'遮阳帽',59,'2024-09-12 03:36:55','2024-09-12 03:36:55'),(577,577,'老花镜',59,'2024-09-12 03:37:55','2024-09-12 03:37:55'),(578,578,'装饰眼镜',59,'2024-09-12 03:38:55','2024-09-12 03:38:55'),(579,579,'防辐射眼镜',59,'2024-09-12 03:39:55','2024-09-12 03:39:55'),(580,580,'游泳镜',59,'2024-09-12 03:40:55','2024-09-12 03:40:55'),(581,581,'女士丝巾/围巾/披肩',59,'2024-09-12 03:41:55','2024-09-12 03:41:55'),(582,582,'男士丝巾/围巾',59,'2024-09-12 03:42:55','2024-09-12 03:42:55'),(583,583,'鸭舌帽',59,'2024-09-12 03:43:55','2024-09-12 03:43:55'),(584,584,'贝雷帽',59,'2024-09-12 03:44:55','2024-09-12 03:44:55'),(585,585,'礼帽',59,'2024-09-12 03:45:55','2024-09-12 03:45:55'),(586,586,'真皮手套',59,'2024-09-12 03:46:55','2024-09-12 03:46:55'),(587,587,'毛线手套',59,'2024-09-12 03:47:55','2024-09-12 03:47:55'),(588,588,'防晒手套',59,'2024-09-12 03:48:55','2024-09-12 03:48:55'),(589,589,'男士腰带/礼盒',59,'2024-09-12 03:49:55','2024-09-12 03:49:55'),(590,590,'女士腰带/礼盒',59,'2024-09-12 03:50:55','2024-09-12 03:50:55'),(591,591,'钥匙扣',59,'2024-09-12 03:51:55','2024-09-12 03:51:55'),(592,592,'遮阳伞/雨伞',59,'2024-09-12 03:52:55','2024-09-12 03:52:55'),(593,593,'口罩',59,'2024-09-12 03:53:55','2024-09-12 03:53:55'),(594,594,'耳罩/耳包',59,'2024-09-12 03:54:55','2024-09-12 03:54:55'),(595,595,'假领',59,'2024-09-12 03:55:55','2024-09-12 03:55:55'),(596,596,'毛线/布面料',59,'2024-09-12 03:56:55','2024-09-12 03:56:55'),(597,597,'领带/领结/领带夹',59,'2024-09-12 03:57:55','2024-09-12 03:57:55'),(598,598,'男表',60,'2024-09-12 03:58:55','2024-09-12 03:58:55'),(599,599,'瑞表',60,'2024-09-12 03:59:55','2024-09-12 03:59:55'),(600,600,'女表',60,'2024-09-12 04:00:55','2024-09-12 04:00:55'),(601,601,'国表',60,'2024-09-12 04:01:55','2024-09-12 04:01:55'),(602,602,'日韩表',60,'2024-09-12 04:02:55','2024-09-12 04:02:55'),(603,603,'欧美表',60,'2024-09-12 04:03:55','2024-09-12 04:03:55'),(604,604,'德表',60,'2024-09-12 04:04:55','2024-09-12 04:04:55'),(605,605,'儿童手表',60,'2024-09-12 04:05:55','2024-09-12 04:05:55'),(606,606,'智能手表',60,'2024-09-12 04:06:55','2024-09-12 04:06:55'),(607,607,'闹钟',60,'2024-09-12 04:07:55','2024-09-12 04:07:55'),(608,608,'座钟挂钟',60,'2024-09-12 04:08:55','2024-09-12 04:08:55'),(609,609,'钟表配件',60,'2024-09-12 04:09:55','2024-09-12 04:09:55'),(610,610,'商务休闲鞋',61,'2024-09-12 04:10:55','2024-09-12 04:10:55'),(611,611,'正装鞋',61,'2024-09-12 04:11:55','2024-09-12 04:11:55'),(612,612,'休闲鞋',61,'2024-09-12 04:12:55','2024-09-12 04:12:55'),(613,613,'凉鞋/沙滩鞋',61,'2024-09-12 04:13:55','2024-09-12 04:13:55'),(614,614,'男靴',61,'2024-09-12 04:14:55','2024-09-12 04:14:55'),(615,615,'功能鞋',61,'2024-09-12 04:15:55','2024-09-12 04:15:55'),(616,616,'拖鞋/人字拖',61,'2024-09-12 04:16:55','2024-09-12 04:16:55'),(617,617,'雨鞋/雨靴',61,'2024-09-12 04:17:55','2024-09-12 04:17:55'),(618,618,'传统布鞋',61,'2024-09-12 04:18:55','2024-09-12 04:18:55'),(619,619,'鞋配件',61,'2024-09-12 04:19:55','2024-09-12 04:19:55'),(620,620,'帆布鞋',61,'2024-09-12 04:20:55','2024-09-12 04:20:55'),(621,621,'增高鞋',61,'2024-09-12 04:21:55','2024-09-12 04:21:55'),(622,622,'工装鞋',61,'2024-09-12 04:22:55','2024-09-12 04:22:55'),(623,623,'定制鞋',61,'2024-09-12 04:23:55','2024-09-12 04:23:55'),(624,624,'高跟鞋',62,'2024-09-12 04:24:55','2024-09-12 04:24:55'),(625,625,'单鞋',62,'2024-09-12 04:25:55','2024-09-12 04:25:55'),(626,626,'休闲鞋',62,'2024-09-12 04:26:55','2024-09-12 04:26:55'),(627,627,'凉鞋',62,'2024-09-12 04:27:55','2024-09-12 04:27:55'),(628,628,'女靴',62,'2024-09-12 04:28:55','2024-09-12 04:28:55'),(629,629,'雪地靴',62,'2024-09-12 04:29:55','2024-09-12 04:29:55'),(630,630,'拖鞋/人字拖',62,'2024-09-12 04:30:55','2024-09-12 04:30:55'),(631,631,'踝靴',62,'2024-09-12 04:31:55','2024-09-12 04:31:55'),(632,632,'筒靴',62,'2024-09-12 04:32:55','2024-09-12 04:32:55'),(633,633,'帆布鞋',62,'2024-09-12 04:33:55','2024-09-12 04:33:55'),(634,634,'雨鞋/雨靴',62,'2024-09-12 04:34:55','2024-09-12 04:34:55'),(635,635,'妈妈鞋',62,'2024-09-12 04:35:55','2024-09-12 04:35:55'),(636,636,'鞋配件',62,'2024-09-12 04:36:55','2024-09-12 04:36:55'),(637,637,'特色鞋',62,'2024-09-12 04:37:55','2024-09-12 04:37:55'),(638,638,'鱼嘴鞋',62,'2024-09-12 04:38:55','2024-09-12 04:38:55'),(639,639,'布鞋/绣花鞋',62,'2024-09-12 04:39:56','2024-09-12 04:39:56'),(640,640,'马丁靴',62,'2024-09-12 04:40:55','2024-09-12 04:40:55'),(641,641,'坡跟鞋',62,'2024-09-12 04:41:56','2024-09-12 04:41:56'),(642,642,'松糕鞋',62,'2024-09-12 04:42:55','2024-09-12 04:42:55'),(643,643,'内增高',62,'2024-09-12 04:43:55','2024-09-12 04:43:55'),(644,644,'防水台',62,'2024-09-12 04:44:55','2024-09-12 04:44:55'),(645,645,'婴幼奶粉',63,'2024-09-12 04:45:56','2024-09-12 04:45:56'),(646,646,'孕妈奶粉',63,'2024-09-12 04:46:55','2024-09-12 04:46:55'),(647,647,'益生菌/初乳',64,'2024-09-12 04:47:55','2024-09-12 04:47:55'),(648,648,'米粉/菜粉',64,'2024-09-12 04:48:55','2024-09-12 04:48:55'),(649,649,'果泥/果汁',64,'2024-09-12 04:49:55','2024-09-12 04:49:55'),(650,650,'DHA',64,'2024-09-12 04:50:55','2024-09-12 04:50:55'),(651,651,'宝宝零食',64,'2024-09-12 04:51:55','2024-09-12 04:51:55'),(652,652,'钙铁锌/维生素',64,'2024-09-12 04:52:55','2024-09-12 04:52:55'),(653,653,'清火/开胃',64,'2024-09-12 04:53:55','2024-09-12 04:53:55'),(654,654,'面条/粥',64,'2024-09-12 04:54:56','2024-09-12 04:54:56'),(655,655,'婴儿尿裤',65,'2024-09-12 04:55:56','2024-09-12 04:55:56'),(656,656,'拉拉裤',65,'2024-09-12 04:56:56','2024-09-12 04:56:56'),(657,657,'婴儿湿巾',65,'2024-09-12 04:57:56','2024-09-12 04:57:56'),(658,658,'成人尿裤',65,'2024-09-12 04:58:56','2024-09-12 04:58:56'),(659,659,'奶瓶奶嘴',66,'2024-09-12 04:59:56','2024-09-12 04:59:56'),(660,660,'吸奶器',66,'2024-09-12 05:00:56','2024-09-12 05:00:56'),(661,661,'暖奶消毒',66,'2024-09-12 05:01:56','2024-09-12 05:01:56'),(662,662,'儿童餐具',66,'2024-09-12 05:02:56','2024-09-12 05:02:56'),(663,663,'水壶/水杯',66,'2024-09-12 05:03:56','2024-09-12 05:03:56'),(664,664,'牙胶安抚',66,'2024-09-12 05:04:56','2024-09-12 05:04:56'),(665,665,'围兜/防溅衣',66,'2024-09-12 05:05:56','2024-09-12 05:05:56'),(666,666,'辅食料理机',66,'2024-09-12 05:06:56','2024-09-12 05:06:56'),(667,667,'食物存储',66,'2024-09-12 05:07:56','2024-09-12 05:07:56'),(668,668,'宝宝护肤',67,'2024-09-12 05:08:56','2024-09-12 05:08:56'),(669,669,'洗发沐浴',67,'2024-09-12 05:09:56','2024-09-12 05:09:56'),(670,670,'奶瓶清洗',67,'2024-09-12 05:10:56','2024-09-12 05:10:56'),(671,671,'驱蚊防晒',67,'2024-09-12 05:11:56','2024-09-12 05:11:56'),(672,672,'理发器',67,'2024-09-12 05:12:56','2024-09-12 05:12:56'),(673,673,'洗澡用具',67,'2024-09-12 05:13:56','2024-09-12 05:13:56'),(674,674,'婴儿口腔清洁',67,'2024-09-12 05:14:56','2024-09-12 05:14:56'),(675,675,'洗衣液/皂',67,'2024-09-12 05:15:56','2024-09-12 05:15:56'),(676,676,'日常护理',67,'2024-09-12 05:16:56','2024-09-12 05:16:56'),(677,677,'座便器',67,'2024-09-12 05:17:56','2024-09-12 05:17:56'),(678,678,'婴儿推车',68,'2024-09-12 05:18:56','2024-09-12 05:18:56'),(679,679,'餐椅摇椅',68,'2024-09-12 05:19:56','2024-09-12 05:19:56'),(680,680,'婴儿床',68,'2024-09-12 05:20:56','2024-09-12 05:20:56'),(681,681,'学步车',68,'2024-09-12 05:21:56','2024-09-12 05:21:56'),(682,682,'三轮车',68,'2024-09-12 05:22:56','2024-09-12 05:22:56'),(683,683,'自行车',68,'2024-09-12 05:23:56','2024-09-12 05:23:56'),(684,684,'电动车',68,'2024-09-12 05:24:55','2024-09-12 05:24:55'),(685,685,'扭扭车',68,'2024-09-12 05:25:55','2024-09-12 05:25:55'),(686,686,'滑板车',68,'2024-09-12 05:26:55','2024-09-12 05:26:55'),(687,687,'婴儿床垫',68,'2024-09-12 05:27:55','2024-09-12 05:27:55'),(688,688,'婴儿外出服',69,'2024-09-12 05:28:55','2024-09-12 05:28:55'),(689,689,'婴儿内衣',69,'2024-09-12 05:29:55','2024-09-12 05:29:55'),(690,690,'婴儿礼盒',69,'2024-09-12 05:30:55','2024-09-12 05:30:55'),(691,691,'婴儿鞋帽袜',69,'2024-09-12 05:31:55','2024-09-12 05:31:55'),(692,692,'安全防护',69,'2024-09-12 05:32:55','2024-09-12 05:32:55'),(693,693,'家居床品',69,'2024-09-12 05:33:55','2024-09-12 05:33:55'),(694,694,'睡袋/抱被',69,'2024-09-12 05:34:55','2024-09-12 05:34:55'),(695,695,'爬行垫',69,'2024-09-12 05:35:55','2024-09-12 05:35:55'),(696,696,'妈咪包/背婴带',70,'2024-09-12 05:36:55','2024-09-12 05:36:55'),(697,697,'产后塑身',70,'2024-09-12 05:37:55','2024-09-12 05:37:55'),(698,698,'文胸/内裤',70,'2024-09-12 05:38:55','2024-09-12 05:38:55'),(699,699,'防辐射服',70,'2024-09-12 05:39:48','2024-09-12 05:39:48'),(700,700,'孕妈装',70,'2024-09-12 05:39:49','2024-09-12 05:39:49'),(701,701,'孕期营养',70,'2024-09-12 05:39:50','2024-09-12 05:39:50'),(702,702,'孕妇护肤',70,'2024-09-12 05:39:51','2024-09-12 05:39:51'),(703,703,'待产护理',70,'2024-09-12 05:39:52','2024-09-12 05:39:52'),(704,704,'月子装',70,'2024-09-12 05:39:53','2024-09-12 05:39:53'),(705,705,'防溢乳垫',70,'2024-09-12 05:39:54','2024-09-12 05:39:54'),(706,706,'套装',71,'2024-09-12 05:39:55','2024-09-12 05:39:55'),(707,707,'上衣',71,'2024-09-12 05:39:56','2024-09-12 05:39:56'),(708,708,'裤子',71,'2024-09-12 05:39:57','2024-09-12 05:39:57'),(709,709,'裙子',71,'2024-09-12 05:39:58','2024-09-12 05:39:58'),(710,710,'内衣/家居服',71,'2024-09-12 05:39:59','2024-09-12 05:39:59'),(711,711,'羽绒服/棉服',71,'2024-09-12 05:40:00','2024-09-12 05:40:00'),(712,712,'亲子装',71,'2024-09-12 05:40:01','2024-09-12 05:40:01'),(713,713,'儿童配饰',71,'2024-09-12 05:40:02','2024-09-12 05:40:02'),(714,714,'礼服/演出服',71,'2024-09-12 05:40:03','2024-09-12 05:40:03'),(715,715,'运动鞋',71,'2024-09-12 05:40:04','2024-09-12 05:40:04'),(716,716,'皮鞋/帆布鞋',71,'2024-09-12 05:40:05','2024-09-12 05:40:05'),(717,717,'靴子',71,'2024-09-12 05:40:06','2024-09-12 05:40:06'),(718,718,'凉鞋',71,'2024-09-12 05:40:07','2024-09-12 05:40:07'),(719,719,'功能鞋',71,'2024-09-12 05:40:08','2024-09-12 05:40:08'),(720,720,'户外/运动服',71,'2024-09-12 05:40:09','2024-09-12 05:40:09'),(721,721,'提篮式',72,'2024-09-12 05:40:10','2024-09-12 05:40:10'),(722,722,'安全座椅',72,'2024-09-12 05:40:11','2024-09-12 05:40:11'),(723,723,'增高垫',72,'2024-09-12 05:40:12','2024-09-12 05:40:12'),(724,724,'钱包',73,'2024-09-12 05:40:13','2024-09-12 05:40:13'),(725,725,'手拿包',73,'2024-09-12 05:40:14','2024-09-12 05:40:14'),(726,726,'单肩包',73,'2024-09-12 05:40:15','2024-09-12 05:40:15'),(727,727,'双肩包',73,'2024-09-12 05:40:16','2024-09-12 05:40:16'),(728,728,'手提包',73,'2024-09-12 05:40:17','2024-09-12 05:40:17'),(729,729,'斜挎包',73,'2024-09-12 05:40:18','2024-09-12 05:40:18'),(730,730,'钥匙包',73,'2024-09-12 05:40:19','2024-09-12 05:40:19'),(731,731,'卡包/零钱包',73,'2024-09-12 05:40:20','2024-09-12 05:40:20'),(732,732,'男士钱包',74,'2024-09-12 05:40:21','2024-09-12 05:40:21'),(733,733,'男士手包',74,'2024-09-12 05:40:22','2024-09-12 05:40:22'),(734,734,'卡包名片夹',74,'2024-09-12 05:40:23','2024-09-12 05:40:23'),(735,735,'商务公文包',74,'2024-09-12 05:40:24','2024-09-12 05:40:24'),(736,736,'双肩包',74,'2024-09-12 05:40:25','2024-09-12 05:40:25'),(737,737,'单肩/斜挎包',74,'2024-09-12 05:40:26','2024-09-12 05:40:26'),(738,738,'钥匙包',74,'2024-09-12 05:40:27','2024-09-12 05:40:27'),(739,739,'电脑包',75,'2024-09-12 05:40:28','2024-09-12 05:40:28'),(740,740,'拉杆箱',75,'2024-09-12 05:40:29','2024-09-12 05:40:29'),(741,741,'旅行包',75,'2024-09-12 05:40:30','2024-09-12 05:40:30'),(742,742,'旅行配件',75,'2024-09-12 05:40:31','2024-09-12 05:40:31'),(743,743,'休闲运动包',75,'2024-09-12 05:40:32','2024-09-12 05:40:32'),(744,744,'拉杆包',75,'2024-09-12 05:40:33','2024-09-12 05:40:33'),(745,745,'登山包',75,'2024-09-12 05:40:34','2024-09-12 05:40:34'),(746,746,'妈咪包',75,'2024-09-12 05:40:35','2024-09-12 05:40:35'),(747,747,'书包',75,'2024-09-12 05:40:36','2024-09-12 05:40:36'),(748,748,'相机包',75,'2024-09-12 05:40:37','2024-09-12 05:40:37'),(749,749,'腰包/胸包',75,'2024-09-12 05:40:38','2024-09-12 05:40:38'),(750,750,'火机烟具',76,'2024-09-12 05:40:39','2024-09-12 05:40:39'),(751,751,'礼品文具',76,'2024-09-12 05:40:40','2024-09-12 05:40:40'),(752,752,'军刀军具',76,'2024-09-12 05:40:41','2024-09-12 05:40:41'),(753,753,'收藏品',76,'2024-09-12 05:40:42','2024-09-12 05:40:42'),(754,754,'工艺礼品',76,'2024-09-12 05:40:43','2024-09-12 05:40:43'),(755,755,'创意礼品',76,'2024-09-12 05:40:44','2024-09-12 05:40:44'),(756,756,'礼盒礼券',76,'2024-09-12 05:40:45','2024-09-12 05:40:45'),(757,757,'鲜花绿植',76,'2024-09-12 05:40:46','2024-09-12 05:40:46'),(758,758,'婚庆节庆',76,'2024-09-12 05:40:47','2024-09-12 05:40:47'),(759,759,'京东卡',76,'2024-09-12 05:40:48','2024-09-12 05:40:48'),(760,760,'美妆礼品',76,'2024-09-12 05:40:49','2024-09-12 05:40:49'),(761,761,'礼品定制',76,'2024-09-12 05:40:50','2024-09-12 05:40:50'),(762,762,'京东福卡',76,'2024-09-12 05:40:51','2024-09-12 05:40:51'),(763,763,'古董文玩',76,'2024-09-12 05:40:52','2024-09-12 05:40:52'),(764,764,'箱包',77,'2024-09-12 05:40:53','2024-09-12 05:40:53'),(765,765,'钱包',77,'2024-09-12 05:40:54','2024-09-12 05:40:54'),(766,766,'服饰',77,'2024-09-12 05:40:55','2024-09-12 05:40:55'),(767,767,'腰带',77,'2024-09-12 05:40:56','2024-09-12 05:40:56'),(768,768,'太阳镜/眼镜框',77,'2024-09-12 05:40:57','2024-09-12 05:40:57'),(769,769,'配件',77,'2024-09-12 05:40:58','2024-09-12 05:40:58'),(770,770,'鞋靴',77,'2024-09-12 05:40:59','2024-09-12 05:40:59'),(771,771,'饰品',77,'2024-09-12 05:41:00','2024-09-12 05:41:00'),(772,772,'名品腕表',77,'2024-09-12 05:41:01','2024-09-12 05:41:01'),(773,773,'高档化妆品',77,'2024-09-12 05:41:02','2024-09-12 05:41:02'),(774,774,'婚嫁首饰',78,'2024-09-12 05:41:03','2024-09-12 05:41:03'),(775,775,'婚纱摄影',78,'2024-09-12 05:41:04','2024-09-12 05:41:04'),(776,776,'婚纱礼服',78,'2024-09-12 05:41:05','2024-09-12 05:41:05'),(777,777,'婚庆服务',78,'2024-09-12 05:41:06','2024-09-12 05:41:06'),(778,778,'婚庆礼品/用品',78,'2024-09-12 05:41:07','2024-09-12 05:41:07'),(779,779,'婚宴',78,'2024-09-12 05:41:08','2024-09-12 05:41:08'),(780,780,'饼干蛋糕',79,'2024-09-12 05:41:09','2024-09-12 05:41:09'),(781,781,'糖果/巧克力',79,'2024-09-12 05:41:10','2024-09-12 05:41:10'),(782,782,'休闲零食',79,'2024-09-12 05:41:11','2024-09-12 05:41:11'),(783,783,'冲调饮品',79,'2024-09-12 05:41:12','2024-09-12 05:41:12'),(784,784,'粮油调味',79,'2024-09-12 05:41:13','2024-09-12 05:41:13'),(785,785,'牛奶',79,'2024-09-12 05:41:14','2024-09-12 05:41:14'),(786,786,'其他特产',80,'2024-09-12 05:41:15','2024-09-12 05:41:15'),(787,787,'新疆',80,'2024-09-12 05:41:16','2024-09-12 05:41:16'),(788,788,'北京',80,'2024-09-12 05:41:17','2024-09-12 05:41:17'),(789,789,'山西',80,'2024-09-12 05:41:18','2024-09-12 05:41:18'),(790,790,'内蒙古',80,'2024-09-12 05:41:19','2024-09-12 05:41:19'),(791,791,'福建',80,'2024-09-12 05:41:20','2024-09-12 05:41:20'),(792,792,'湖南',80,'2024-09-12 05:41:21','2024-09-12 05:41:21'),(793,793,'四川',80,'2024-09-12 05:41:22','2024-09-12 05:41:22'),(794,794,'云南',80,'2024-09-12 05:41:23','2024-09-12 05:41:23'),(795,795,'东北',80,'2024-09-12 05:41:24','2024-09-12 05:41:24'),(796,796,'休闲零食',81,'2024-09-12 05:41:25','2024-09-12 05:41:25'),(797,797,'坚果炒货',81,'2024-09-12 05:41:26','2024-09-12 05:41:26'),(798,798,'肉干肉脯',81,'2024-09-12 05:41:27','2024-09-12 05:41:27'),(799,799,'蜜饯果干',81,'2024-09-12 05:41:28','2024-09-12 05:41:28'),(800,800,'糖果/巧克力',81,'2024-09-12 05:41:29','2024-09-12 05:41:29'),(801,801,'饼干蛋糕',81,'2024-09-12 05:41:30','2024-09-12 05:41:30'),(802,802,'无糖食品',81,'2024-09-12 05:41:31','2024-09-12 05:41:31'),(803,803,'米面杂粮',82,'2024-09-12 05:41:32','2024-09-12 05:41:32'),(804,804,'食用油',82,'2024-09-12 05:41:33','2024-09-12 05:41:33'),(805,805,'调味品',82,'2024-09-12 05:41:34','2024-09-12 05:41:34'),(806,806,'南北干货',82,'2024-09-12 05:41:35','2024-09-12 05:41:35'),(807,807,'方便食品',82,'2024-09-12 05:41:36','2024-09-12 05:41:36'),(808,808,'有机食品',82,'2024-09-12 05:41:37','2024-09-12 05:41:37'),(809,809,'饮用水',83,'2024-09-12 05:41:38','2024-09-12 05:41:38'),(810,810,'饮料',83,'2024-09-12 05:41:39','2024-09-12 05:41:39'),(811,811,'牛奶乳品',83,'2024-09-12 05:41:40','2024-09-12 05:41:40'),(812,812,'咖啡/奶茶',83,'2024-09-12 05:41:41','2024-09-12 05:41:41'),(813,813,'冲饮谷物',83,'2024-09-12 05:41:43','2024-09-12 05:41:43'),(814,814,'蜂蜜/柚子茶',83,'2024-09-12 05:41:45','2024-09-12 05:41:45'),(815,815,'成人奶粉',83,'2024-09-12 05:41:47','2024-09-12 05:41:47'),(816,816,'月饼',84,'2024-09-12 05:41:49','2024-09-12 05:41:49'),(817,817,'大闸蟹',84,'2024-09-12 05:41:51','2024-09-12 05:41:51'),(818,818,'粽子',84,'2024-09-12 05:41:53','2024-09-12 05:41:53'),(819,819,'卡券',84,'2024-09-12 05:41:55','2024-09-12 05:41:55'),(820,820,'铁观音',85,'2024-09-12 05:41:57','2024-09-12 05:41:57'),(821,821,'普洱',85,'2024-09-12 05:41:59','2024-09-12 05:41:59'),(822,822,'龙井',85,'2024-09-12 05:42:01','2024-09-12 05:42:01'),(823,823,'绿茶',85,'2024-09-12 05:42:03','2024-09-12 05:42:03'),(824,824,'红茶',85,'2024-09-12 05:42:05','2024-09-12 05:42:05'),(825,825,'乌龙茶',85,'2024-09-12 05:42:07','2024-09-12 05:42:07'),(826,826,'花草茶',85,'2024-09-12 05:42:09','2024-09-12 05:42:09'),(827,827,'花果茶',85,'2024-09-12 05:42:11','2024-09-12 05:42:11'),(828,828,'养生茶',85,'2024-09-12 05:42:13','2024-09-12 05:42:13'),(829,829,'黑茶',85,'2024-09-12 05:42:15','2024-09-12 05:42:15'),(830,830,'白茶',85,'2024-09-12 05:42:17','2024-09-12 05:42:17'),(831,831,'其它茶',85,'2024-09-12 05:42:19','2024-09-12 05:42:19'),(832,832,'项链',86,'2024-09-12 05:42:21','2024-09-12 05:42:21'),(833,833,'手链/脚链',86,'2024-09-12 05:42:23','2024-09-12 05:42:23'),(834,834,'戒指',86,'2024-09-12 05:42:25','2024-09-12 05:42:25'),(835,835,'耳饰',86,'2024-09-12 05:42:27','2024-09-12 05:42:27'),(836,836,'毛衣链',86,'2024-09-12 05:42:29','2024-09-12 05:42:29'),(837,837,'发饰/发卡',86,'2024-09-12 05:42:31','2024-09-12 05:42:31'),(838,838,'胸针',86,'2024-09-12 05:42:33','2024-09-12 05:42:33'),(839,839,'饰品配件',86,'2024-09-12 05:42:35','2024-09-12 05:42:35'),(840,840,'婚庆饰品',86,'2024-09-12 05:42:37','2024-09-12 05:42:37'),(841,841,'黄金吊坠',87,'2024-09-12 05:42:39','2024-09-12 05:42:39'),(842,842,'黄金项链',87,'2024-09-12 05:42:55','2024-09-12 05:42:55'),(843,843,'黄金转运珠',87,'2024-09-12 05:42:58','2024-09-12 05:42:58'),(844,844,'黄金手镯/手链/脚链',87,'2024-09-12 05:42:59','2024-09-12 05:42:59'),(845,845,'黄金耳饰',87,'2024-09-12 05:43:00','2024-09-12 05:43:00'),(846,846,'黄金戒指',87,'2024-09-12 05:43:01','2024-09-12 05:43:01'),(847,847,'K金吊坠',88,'2024-09-12 05:43:02','2024-09-12 05:43:02'),(848,848,'K金项链',88,'2024-09-12 05:43:03','2024-09-12 05:43:03'),(849,849,'K金手镯/手链/脚链',88,'2024-09-12 05:43:04','2024-09-12 05:43:04'),(850,850,'K金戒指',88,'2024-09-12 05:43:05','2024-09-12 05:43:05'),(851,851,'K金耳饰',88,'2024-09-12 05:43:06','2024-09-12 05:43:06'),(852,852,'投资金',89,'2024-09-12 05:43:07','2024-09-12 05:43:07'),(853,853,'投资银',89,'2024-09-12 05:43:08','2024-09-12 05:43:08'),(854,854,'投资收藏',89,'2024-09-12 05:43:09','2024-09-12 05:43:09'),(855,855,'银吊坠/项链',90,'2024-09-12 05:43:10','2024-09-12 05:43:10'),(856,856,'银手镯/手链/脚链',90,'2024-09-12 05:43:11','2024-09-12 05:43:11'),(857,857,'银戒指',90,'2024-09-12 05:43:13','2024-09-12 05:43:13'),(858,858,'银耳饰',90,'2024-09-12 05:43:15','2024-09-12 05:43:15'),(859,859,'足银手镯',90,'2024-09-12 05:43:17','2024-09-12 05:43:17'),(860,860,'宝宝银饰',90,'2024-09-12 05:43:19','2024-09-12 05:43:19'),(861,861,'裸钻',91,'2024-09-12 05:43:21','2024-09-12 05:43:21'),(862,862,'钻戒',91,'2024-09-12 05:43:23','2024-09-12 05:43:23'),(863,863,'钻石项链/吊坠',91,'2024-09-12 05:43:25','2024-09-12 05:43:25'),(864,864,'钻石耳饰',91,'2024-09-12 05:43:27','2024-09-12 05:43:27'),(865,865,'钻石手镯/手链',91,'2024-09-12 05:43:29','2024-09-12 05:43:29'),(866,866,'项链/吊坠',92,'2024-09-12 05:43:31','2024-09-12 05:43:31'),(867,867,'手镯/手串',92,'2024-09-12 05:43:33','2024-09-12 05:43:33'),(868,868,'戒指',92,'2024-09-12 05:43:35','2024-09-12 05:43:35'),(869,869,'耳饰',92,'2024-09-12 05:43:37','2024-09-12 05:43:37'),(870,870,'挂件/摆件/把件',92,'2024-09-12 05:43:39','2024-09-12 05:43:39'),(871,871,'玉石孤品',92,'2024-09-12 05:43:41','2024-09-12 05:43:41'),(872,872,'项链/吊坠',93,'2024-09-12 05:43:43','2024-09-12 05:43:43'),(873,873,'耳饰',93,'2024-09-12 05:43:45','2024-09-12 05:43:45'),(874,874,'手镯/手链/脚链',93,'2024-09-12 05:43:47','2024-09-12 05:43:47'),(875,875,'戒指',93,'2024-09-12 05:43:49','2024-09-12 05:43:49'),(876,876,'头饰/胸针',93,'2024-09-12 05:43:51','2024-09-12 05:43:51'),(877,877,'摆件/挂件',93,'2024-09-12 05:43:53','2024-09-12 05:43:53'),(878,878,'琥珀/蜜蜡',94,'2024-09-12 05:43:55','2024-09-12 05:43:55'),(879,879,'碧玺',94,'2024-09-12 05:43:57','2024-09-12 05:43:57'),(880,880,'红宝石/蓝宝石',94,'2024-09-12 05:43:59','2024-09-12 05:43:59'),(881,881,'坦桑石',94,'2024-09-12 05:44:01','2024-09-12 05:44:01'),(882,882,'珊瑚',94,'2024-09-12 05:44:03','2024-09-12 05:44:03'),(883,883,'祖母绿',94,'2024-09-12 05:44:05','2024-09-12 05:44:05'),(884,884,'葡萄石',94,'2024-09-12 05:44:07','2024-09-12 05:44:07'),(885,885,'其他天然宝石',94,'2024-09-12 05:44:09','2024-09-12 05:44:09'),(886,886,'项链/吊坠',94,'2024-09-12 05:44:55','2024-09-12 05:44:55'),(887,887,'耳饰',94,'2024-09-12 05:45:55','2024-09-12 05:45:55'),(888,888,'手镯/手链',94,'2024-09-12 05:46:56','2024-09-12 05:46:56'),(889,889,'戒指',94,'2024-09-12 05:47:55','2024-09-12 05:47:55'),(890,890,'铂金项链/吊坠',95,'2024-09-12 05:48:55','2024-09-12 05:48:55'),(891,891,'铂金手镯/手链/脚链',95,'2024-09-12 05:49:55','2024-09-12 05:49:55'),(892,892,'铂金戒指',95,'2024-09-12 05:50:56','2024-09-12 05:50:56'),(893,893,'铂金耳饰',95,'2024-09-12 05:51:55','2024-09-12 05:51:55'),(894,894,'小叶紫檀',96,'2024-09-12 05:52:55','2024-09-12 05:52:55'),(895,895,'黄花梨',96,'2024-09-12 05:53:55','2024-09-12 05:53:55'),(896,896,'沉香木',96,'2024-09-12 05:54:55','2024-09-12 05:54:55'),(897,897,'金丝楠',96,'2024-09-12 05:55:55','2024-09-12 05:55:55'),(898,898,'菩提',96,'2024-09-12 05:56:55','2024-09-12 05:56:55'),(899,899,'其他',96,'2024-09-12 05:57:55','2024-09-12 05:57:55'),(900,900,'橄榄核/核桃',96,'2024-09-12 05:58:55','2024-09-12 05:58:55'),(901,901,'檀香',96,'2024-09-12 05:59:55','2024-09-12 05:59:55'),(902,902,'珍珠项链',97,'2024-09-12 06:00:55','2024-09-12 06:00:55'),(903,903,'珍珠吊坠',97,'2024-09-12 06:01:55','2024-09-12 06:01:55'),(904,904,'珍珠耳饰',97,'2024-09-12 06:02:55','2024-09-12 06:02:55'),(905,905,'珍珠手链',97,'2024-09-12 06:03:55','2024-09-12 06:03:55'),(906,906,'珍珠戒指',97,'2024-09-12 06:04:55','2024-09-12 06:04:55'),(907,907,'珍珠胸针',97,'2024-09-12 06:05:55','2024-09-12 06:05:55'),(908,908,'机油',98,'2024-09-12 06:06:55','2024-09-12 06:06:55'),(909,909,'正时皮带',98,'2024-09-12 06:07:00','2024-09-12 06:07:00'),(910,910,'添加剂',98,'2024-09-12 06:07:01','2024-09-12 06:07:01'),(911,911,'汽车喇叭',98,'2024-09-12 06:07:02','2024-09-12 06:07:02'),(912,912,'防冻液',98,'2024-09-12 06:07:03','2024-09-12 06:07:03'),(913,913,'汽车玻璃',98,'2024-09-12 06:07:04','2024-09-12 06:07:04'),(914,914,'滤清器',98,'2024-09-12 06:07:05','2024-09-12 06:07:05'),(915,915,'火花塞',98,'2024-09-12 06:07:06','2024-09-12 06:07:06'),(916,916,'减震器',98,'2024-09-12 06:07:07','2024-09-12 06:07:07'),(917,917,'柴机油/辅助油',98,'2024-09-12 06:07:08','2024-09-12 06:07:08'),(918,918,'雨刷',98,'2024-09-12 06:07:09','2024-09-12 06:07:09'),(919,919,'车灯',98,'2024-09-12 06:07:10','2024-09-12 06:07:10'),(920,920,'后视镜',98,'2024-09-12 06:07:11','2024-09-12 06:07:11'),(921,921,'轮胎',98,'2024-09-12 06:07:12','2024-09-12 06:07:12'),(922,922,'轮毂',98,'2024-09-12 06:07:13','2024-09-12 06:07:13'),(923,923,'刹车片/盘',98,'2024-09-12 06:07:14','2024-09-12 06:07:14'),(924,924,'维修配件',98,'2024-09-12 06:07:15','2024-09-12 06:07:15'),(925,925,'蓄电池',98,'2024-09-12 06:07:16','2024-09-12 06:07:16'),(926,926,'底盘装甲/护板',98,'2024-09-12 06:07:17','2024-09-12 06:07:17'),(927,927,'贴膜',98,'2024-09-12 06:07:18','2024-09-12 06:07:18'),(928,928,'汽修工具',98,'2024-09-12 06:07:19','2024-09-12 06:07:19'),(929,929,'改装配件',98,'2024-09-12 06:07:20','2024-09-12 06:07:20'),(930,930,'导航仪',99,'2024-09-12 06:07:21','2024-09-12 06:07:21'),(931,931,'安全预警仪',99,'2024-09-12 06:07:22','2024-09-12 06:07:22'),(932,932,'行车记录仪',99,'2024-09-12 06:07:23','2024-09-12 06:07:23'),(933,933,'倒车雷达',99,'2024-09-12 06:07:24','2024-09-12 06:07:24'),(934,934,'蓝牙设备',99,'2024-09-12 06:07:25','2024-09-12 06:07:25'),(935,935,'车载影音',99,'2024-09-12 06:07:26','2024-09-12 06:07:26'),(936,936,'净化器',99,'2024-09-12 06:07:27','2024-09-12 06:07:27'),(937,937,'电源',99,'2024-09-12 06:07:28','2024-09-12 06:07:28'),(938,938,'智能驾驶',99,'2024-09-12 06:07:29','2024-09-12 06:07:29'),(939,939,'车载电台',99,'2024-09-12 06:07:30','2024-09-12 06:07:30'),(940,940,'车载电器配件',99,'2024-09-12 06:07:31','2024-09-12 06:07:31'),(941,941,'吸尘器',99,'2024-09-12 06:07:32','2024-09-12 06:07:32'),(942,942,'智能车机',99,'2024-09-12 06:07:33','2024-09-12 06:07:33'),(943,943,'冰箱',99,'2024-09-12 06:07:34','2024-09-12 06:07:34'),(944,944,'汽车音响',99,'2024-09-12 06:07:35','2024-09-12 06:07:35'),(945,945,'车载生活电器',99,'2024-09-12 06:07:36','2024-09-12 06:07:36'),(946,946,'车蜡',100,'2024-09-12 06:07:37','2024-09-12 06:07:37'),(947,947,'补漆笔',100,'2024-09-12 06:07:38','2024-09-12 06:07:38'),(948,948,'玻璃水',100,'2024-09-12 06:07:39','2024-09-12 06:07:39'),(949,949,'清洁剂',100,'2024-09-12 06:07:40','2024-09-12 06:07:40'),(950,950,'洗车工具',100,'2024-09-12 06:07:41','2024-09-12 06:07:41'),(951,951,'镀晶镀膜',100,'2024-09-12 06:07:42','2024-09-12 06:07:42'),(952,952,'打蜡机',100,'2024-09-12 06:07:43','2024-09-12 06:07:43'),(953,953,'洗车配件',100,'2024-09-12 06:07:44','2024-09-12 06:07:44'),(954,954,'洗车机',100,'2024-09-12 06:07:45','2024-09-12 06:07:45'),(955,955,'洗车水枪',100,'2024-09-12 06:07:46','2024-09-12 06:07:46'),(956,956,'毛巾掸子',100,'2024-09-12 06:07:47','2024-09-12 06:07:47'),(957,957,'脚垫',101,'2024-09-12 06:07:48','2024-09-12 06:07:48'),(958,958,'座垫',101,'2024-09-12 06:07:49','2024-09-12 06:07:49'),(959,959,'座套',101,'2024-09-12 06:07:50','2024-09-12 06:07:50'),(960,960,'后备箱垫',101,'2024-09-12 06:07:51','2024-09-12 06:07:51'),(961,961,'头枕腰靠',101,'2024-09-12 06:07:52','2024-09-12 06:07:52'),(962,962,'方向盘套',101,'2024-09-12 06:07:53','2024-09-12 06:07:53'),(963,963,'香水',101,'2024-09-12 06:07:54','2024-09-12 06:07:54'),(964,964,'空气净化',101,'2024-09-12 06:07:55','2024-09-12 06:07:55'),(965,965,'挂件摆件',101,'2024-09-12 06:07:56','2024-09-12 06:07:56'),(966,966,'功能小件',101,'2024-09-12 06:07:57','2024-09-12 06:07:57'),(967,967,'车身装饰件',101,'2024-09-12 06:07:58','2024-09-12 06:07:58'),(968,968,'车衣',101,'2024-09-12 06:07:59','2024-09-12 06:07:59'),(969,969,'安全座椅',102,'2024-09-12 06:08:00','2024-09-12 06:08:00'),(970,970,'胎压监测',102,'2024-09-12 06:08:01','2024-09-12 06:08:01'),(971,971,'防盗设备',102,'2024-09-12 06:08:02','2024-09-12 06:08:02'),(972,972,'应急救援',102,'2024-09-12 06:08:03','2024-09-12 06:08:03'),(973,973,'保温箱',102,'2024-09-12 06:08:04','2024-09-12 06:08:04'),(974,974,'地锁',102,'2024-09-12 06:08:05','2024-09-12 06:08:05'),(975,975,'摩托车',102,'2024-09-12 06:08:06','2024-09-12 06:08:06'),(976,976,'充气泵',102,'2024-09-12 06:08:07','2024-09-12 06:08:07'),(977,977,'储物箱',102,'2024-09-12 06:08:08','2024-09-12 06:08:08'),(978,978,'自驾野营',102,'2024-09-12 06:08:09','2024-09-12 06:08:09'),(979,979,'摩托车装备',102,'2024-09-12 06:08:10','2024-09-12 06:08:10'),(980,980,'清洗美容',103,'2024-09-12 06:08:11','2024-09-12 06:08:11'),(981,981,'功能升级',103,'2024-09-12 06:08:12','2024-09-12 06:08:12'),(982,982,'保养维修',103,'2024-09-12 06:08:13','2024-09-12 06:08:13'),(983,983,'油卡充值',103,'2024-09-12 06:08:14','2024-09-12 06:08:14'),(984,984,'车险',103,'2024-09-12 06:08:15','2024-09-12 06:08:15'),(985,985,'加油卡',103,'2024-09-12 06:08:16','2024-09-12 06:08:16'),(986,986,'ETC',103,'2024-09-12 06:08:17','2024-09-12 06:08:17'),(987,987,'驾驶培训',103,'2024-09-12 06:08:18','2024-09-12 06:08:18'),(988,988,'赛事服装',104,'2024-09-12 06:08:19','2024-09-12 06:08:19'),(989,989,'赛事用品',104,'2024-09-12 06:08:20','2024-09-12 06:08:20'),(990,990,'制动系统',104,'2024-09-12 06:08:21','2024-09-12 06:08:21'),(991,991,'悬挂系统',104,'2024-09-12 06:08:22','2024-09-12 06:08:22'),(992,992,'进气系统',104,'2024-09-12 06:08:23','2024-09-12 06:08:23'),(993,993,'排气系统',104,'2024-09-12 06:08:24','2024-09-12 06:08:24'),(994,994,'电子管理',104,'2024-09-12 06:08:25','2024-09-12 06:08:25'),(995,995,'车身强化',104,'2024-09-12 06:08:26','2024-09-12 06:08:26'),(996,996,'赛事座椅',104,'2024-09-12 06:08:27','2024-09-12 06:08:27'),(997,997,'跑步鞋',105,'2024-09-12 06:08:28','2024-09-12 06:08:28'),(998,998,'休闲鞋',105,'2024-09-12 06:08:29','2024-09-12 06:08:29'),(999,999,'篮球鞋',105,'2024-09-12 06:08:30','2024-09-12 06:08:30'),(1000,1000,'板鞋',105,'2024-09-12 06:08:31','2024-09-12 06:08:31'),(1001,1001,'帆布鞋',105,'2024-09-12 06:08:32','2024-09-12 06:08:32'),(1002,1002,'足球鞋',105,'2024-09-12 06:08:33','2024-09-12 06:08:33'),(1003,1003,'乒羽网鞋',105,'2024-09-12 06:08:34','2024-09-12 06:08:34'),(1004,1004,'专项运动鞋',105,'2024-09-12 06:08:35','2024-09-12 06:08:35'),(1005,1005,'训练鞋',105,'2024-09-12 06:08:36','2024-09-12 06:08:36'),(1006,1006,'拖鞋',105,'2024-09-12 06:08:37','2024-09-12 06:08:37'),(1007,1007,'运动包',105,'2024-09-12 06:08:38','2024-09-12 06:08:38'),(1008,1008,'羽绒服',106,'2024-09-12 06:08:39','2024-09-12 06:08:39'),(1009,1009,'棉服',106,'2024-09-12 06:08:40','2024-09-12 06:08:40'),(1010,1010,'运动裤',106,'2024-09-12 06:08:41','2024-09-12 06:08:41'),(1011,1011,'夹克/风衣',106,'2024-09-12 06:08:42','2024-09-12 06:08:42'),(1012,1012,'卫衣/套头衫',106,'2024-09-12 06:08:43','2024-09-12 06:08:43'),(1013,1013,'T恤',106,'2024-09-12 06:08:44','2024-09-12 06:08:44'),(1014,1014,'套装',106,'2024-09-12 06:08:45','2024-09-12 06:08:45'),(1015,1015,'乒羽网服',106,'2024-09-12 06:08:46','2024-09-12 06:08:46'),(1016,1016,'健身服',106,'2024-09-12 06:08:47','2024-09-12 06:08:47'),(1017,1017,'运动背心',106,'2024-09-12 06:08:48','2024-09-12 06:08:48'),(1018,1018,'毛衫/线衫',106,'2024-09-12 06:08:49','2024-09-12 06:08:49'),(1019,1019,'运动配饰',106,'2024-09-12 06:08:50','2024-09-12 06:08:50'),(1020,1020,'折叠车',107,'2024-09-12 06:08:51','2024-09-12 06:08:51'),(1021,1021,'山地车/公路车',107,'2024-09-12 06:08:52','2024-09-12 06:08:52'),(1022,1022,'电动车',107,'2024-09-12 06:08:53','2024-09-12 06:08:53'),(1023,1023,'其他整车',107,'2024-09-12 06:08:55','2024-09-12 06:08:55'),(1024,1024,'骑行服',107,'2024-09-12 06:08:57','2024-09-12 06:08:57'),(1025,1025,'骑行装备',107,'2024-09-12 06:08:59','2024-09-12 06:08:59'),(1026,1026,'平衡车',107,'2024-09-12 06:09:01','2024-09-12 06:09:01'),(1027,1027,'鱼竿鱼线',108,'2024-09-12 06:09:03','2024-09-12 06:09:03'),(1028,1028,'浮漂鱼饵',108,'2024-09-12 06:09:05','2024-09-12 06:09:05'),(1029,1029,'钓鱼桌椅',108,'2024-09-12 06:09:06','2024-09-12 06:09:06'),(1030,1030,'钓鱼配件',108,'2024-09-12 06:09:07','2024-09-12 06:09:07'),(1031,1031,'钓箱鱼包',108,'2024-09-12 06:09:08','2024-09-12 06:09:08'),(1032,1032,'其它',108,'2024-09-12 06:09:09','2024-09-12 06:09:09'),(1033,1033,'泳镜',109,'2024-09-12 06:09:10','2024-09-12 06:09:10'),(1034,1034,'泳帽',109,'2024-09-12 06:09:11','2024-09-12 06:09:11'),(1035,1035,'游泳包防水包',109,'2024-09-12 06:09:12','2024-09-12 06:09:12'),(1036,1036,'女士泳衣',109,'2024-09-12 06:09:13','2024-09-12 06:09:13'),(1037,1037,'男士泳衣',109,'2024-09-12 06:09:14','2024-09-12 06:09:14'),(1038,1038,'比基尼',109,'2024-09-12 06:09:15','2024-09-12 06:09:15'),(1039,1039,'其它',109,'2024-09-12 06:09:16','2024-09-12 06:09:16'),(1040,1040,'冲锋衣裤',110,'2024-09-12 06:09:17','2024-09-12 06:09:17'),(1041,1041,'速干衣裤',110,'2024-09-12 06:09:18','2024-09-12 06:09:18'),(1042,1042,'滑雪服',110,'2024-09-12 06:09:19','2024-09-12 06:09:19'),(1043,1043,'羽绒服/棉服',110,'2024-09-12 06:09:20','2024-09-12 06:09:20'),(1044,1044,'休闲衣裤',110,'2024-09-12 06:09:21','2024-09-12 06:09:21'),(1045,1045,'抓绒衣裤',110,'2024-09-12 06:09:22','2024-09-12 06:09:22'),(1046,1046,'软壳衣裤',110,'2024-09-12 06:09:23','2024-09-12 06:09:23'),(1047,1047,'T恤',110,'2024-09-12 06:09:24','2024-09-12 06:09:24'),(1048,1048,'户外风衣',110,'2024-09-12 06:09:25','2024-09-12 06:09:25'),(1049,1049,'功能内衣',110,'2024-09-12 06:09:26','2024-09-12 06:09:26'),(1050,1050,'军迷服饰',110,'2024-09-12 06:09:27','2024-09-12 06:09:27'),(1051,1051,'登山鞋',110,'2024-09-12 06:09:28','2024-09-12 06:09:28'),(1052,1052,'雪地靴',110,'2024-09-12 06:09:29','2024-09-12 06:09:29'),(1053,1053,'徒步鞋',110,'2024-09-12 06:09:30','2024-09-12 06:09:30'),(1054,1054,'越野跑鞋',110,'2024-09-12 06:09:31','2024-09-12 06:09:31'),(1055,1055,'休闲鞋',110,'2024-09-12 06:09:32','2024-09-12 06:09:32'),(1056,1056,'工装鞋',110,'2024-09-12 06:09:33','2024-09-12 06:09:33'),(1057,1057,'溯溪鞋',110,'2024-09-12 06:09:34','2024-09-12 06:09:34'),(1058,1058,'沙滩/凉拖',110,'2024-09-12 06:09:35','2024-09-12 06:09:35'),(1059,1059,'户外袜',110,'2024-09-12 06:09:36','2024-09-12 06:09:36'),(1060,1060,'帐篷/垫子',111,'2024-09-12 06:09:37','2024-09-12 06:09:37'),(1061,1061,'睡袋/吊床',111,'2024-09-12 06:09:38','2024-09-12 06:09:38'),(1062,1062,'登山攀岩',111,'2024-09-12 06:09:39','2024-09-12 06:09:39'),(1063,1063,'户外配饰',111,'2024-09-12 06:09:40','2024-09-12 06:09:40'),(1064,1064,'背包',111,'2024-09-12 06:09:41','2024-09-12 06:09:41'),(1065,1065,'户外照明',111,'2024-09-12 06:09:42','2024-09-12 06:09:42'),(1066,1066,'户外仪表',111,'2024-09-12 06:09:43','2024-09-12 06:09:43'),(1067,1067,'户外工具',111,'2024-09-12 06:09:44','2024-09-12 06:09:44'),(1068,1068,'望远镜',111,'2024-09-12 06:09:45','2024-09-12 06:09:45'),(1069,1069,'旅游用品',111,'2024-09-12 06:09:46','2024-09-12 06:09:46'),(1070,1070,'便携桌椅床',111,'2024-09-12 06:09:47','2024-09-12 06:09:47'),(1071,1071,'野餐烧烤',111,'2024-09-12 06:09:48','2024-09-12 06:09:48'),(1072,1072,'军迷用品',111,'2024-09-12 06:09:49','2024-09-12 06:09:49'),(1073,1073,'救援装备',111,'2024-09-12 06:09:50','2024-09-12 06:09:50'),(1074,1074,'滑雪装备',111,'2024-09-12 06:09:51','2024-09-12 06:09:51'),(1075,1075,'极限户外',111,'2024-09-12 06:09:52','2024-09-12 06:09:52'),(1076,1076,'冲浪潜水',111,'2024-09-12 06:09:53','2024-09-12 06:09:53'),(1077,1077,'综合训练器',112,'2024-09-12 06:09:54','2024-09-12 06:09:54'),(1078,1078,'其他大型器械',112,'2024-09-12 06:09:55','2024-09-12 06:09:55'),(1079,1079,'哑铃',112,'2024-09-12 06:09:56','2024-09-12 06:09:56'),(1080,1080,'仰卧板/收腹机',112,'2024-09-12 06:09:57','2024-09-12 06:09:57'),(1081,1081,'其他中小型器材',112,'2024-09-12 06:09:58','2024-09-12 06:09:58'),(1082,1082,'瑜伽舞蹈',112,'2024-09-12 06:09:59','2024-09-12 06:09:59'),(1083,1083,'甩脂机',112,'2024-09-12 06:10:00','2024-09-12 06:10:00'),(1084,1084,'踏步机',112,'2024-09-12 06:10:01','2024-09-12 06:10:01'),(1085,1085,'武术搏击',112,'2024-09-12 06:10:02','2024-09-12 06:10:02'),(1086,1086,'健身车/动感单车',112,'2024-09-12 06:10:03','2024-09-12 06:10:03'),(1087,1087,'跑步机',112,'2024-09-12 06:10:04','2024-09-12 06:10:04'),(1088,1088,'运动护具',112,'2024-09-12 06:10:05','2024-09-12 06:10:05'),(1089,1089,'羽毛球',113,'2024-09-12 06:10:06','2024-09-12 06:10:06'),(1090,1090,'乒乓球',113,'2024-09-12 06:10:07','2024-09-12 06:10:07'),(1091,1091,'篮球',113,'2024-09-12 06:10:08','2024-09-12 06:10:08'),(1092,1092,'足球',113,'2024-09-12 06:10:09','2024-09-12 06:10:09'),(1093,1093,'网球',113,'2024-09-12 06:10:10','2024-09-12 06:10:10'),(1094,1094,'排球',113,'2024-09-12 06:10:11','2024-09-12 06:10:11'),(1095,1095,'高尔夫',113,'2024-09-12 06:10:12','2024-09-12 06:10:12'),(1096,1096,'台球',113,'2024-09-12 06:10:13','2024-09-12 06:10:13'),(1097,1097,'棋牌麻将',113,'2024-09-12 06:10:14','2024-09-12 06:10:14'),(1098,1098,'轮滑滑板',113,'2024-09-12 06:10:15','2024-09-12 06:10:15'),(1099,1099,'其他',113,'2024-09-12 06:10:16','2024-09-12 06:10:16');
/*!40000 ALTER TABLE `category3` ENABLE KEYS */;
UNLOCK TABLES;

--
-- Table structure for table `menu`
--

DROP TABLE IF EXISTS `menu`;
/*!40101 SET @saved_cs_client     = @@character_set_client */;
/*!50503 SET character_set_client = utf8mb4 */;
CREATE TABLE `menu` (
  `id` bigint NOT NULL AUTO_INCREMENT,
  `menu_id` bigint NOT NULL,
  `pid` bigint NOT NULL,
  `name` varchar(100) NOT NULL,
  `code` varchar(100) NOT NULL,
  `to_code` varchar(100) NOT NULL,
  `type` int DEFAULT '1' COMMENT '1 菜单，2 按钮',
  `status` varchar(100) NOT NULL,
  `level` int NOT NULL,
  `select` tinyint(1) NOT NULL DEFAULT '0',
  `create_time` timestamp NULL DEFAULT CURRENT_TIMESTAMP,
  `update_time` timestamp NULL DEFAULT CURRENT_TIMESTAMP ON UPDATE CURRENT_TIMESTAMP,
  PRIMARY KEY (`id`) USING BTREE
) ENGINE=InnoDB AUTO_INCREMENT=64 DEFAULT CHARSET=utf8mb4 COLLATE=utf8mb4_0900_ai_ci;
/*!40101 SET character_set_client = @saved_cs_client */;

--
-- Dumping data for table `menu`
--

LOCK TABLES `menu` WRITE;
/*!40000 ALTER TABLE `menu` DISABLE KEYS */;
INSERT INTO `menu` VALUES (1,1,0,'全部数据','','',1,'',1,0,'2024-12-04 14:41:50','2024-12-04 14:41:50'),(2,7,1,'权限管理','Acl','',1,'',2,0,'2024-12-04 14:41:50','2024-12-08 04:31:00'),(3,8,7,'用户管理','User','',1,'',3,0,'2024-12-04 14:47:08','2024-12-04 14:47:08'),(4,11,8,'添加用户','btn.User.add','',2,'',4,0,'2024-12-04 15:51:04','2024-12-04 15:51:04'),(5,12,8,'删除用户','btn.User.remove','',2,'',4,0,'2024-12-04 15:51:04','2024-12-04 15:51:04'),(6,13,8,'修改用户','btn.User.update','',2,'',4,0,'2024-12-04 15:51:04','2024-12-04 15:51:04'),(7,14,8,'分配角色','btn.User.assgin','',2,'',4,0,'2024-12-04 15:51:04','2024-12-04 15:51:04'),(8,9,7,'角色管理','Role','',1,'',3,0,'2024-12-04 15:51:04','2024-12-04 15:51:04'),(9,15,9,'分配权限','btn.Role.assgin','RoleAuth',2,'',4,0,'2024-12-04 15:51:04','2024-12-04 15:51:04'),(10,16,9,'添加角色','btn.Role.add','',2,'',4,0,'2024-12-04 15:51:04','2024-12-04 15:51:04'),(11,17,9,'修改角色','btn.Role.update','',2,'',4,0,'2024-12-04 15:51:04','2024-12-04 15:51:04'),(12,18,9,'删除角色','btn.Role.remove','',2,'',4,0,'2024-12-04 15:51:04','2024-12-04 15:51:04'),(13,10,7,'菜单管理','Permission','',1,'',3,0,'2024-12-04 15:51:04','2024-12-04 15:51:04'),(14,19,10,'添加','btn.Permission.add','',2,'',4,0,'2024-12-04 15:51:04','2024-12-04 15:51:04'),(15,20,10,'修改','btn.Permission.update','',2,'',4,0,'2024-12-04 15:51:04','2024-12-04 15:51:04'),(16,21,10,'删除','btn.Permission.remove','',2,'',4,0,'2024-12-04 15:51:04','2024-12-04 15:51:04'),(17,22,1,'商品管理','Product','',1,'',2,0,'2024-12-04 15:51:04','2024-12-04 15:51:04'),(18,23,22,'分类管理','Category','',1,'',3,0,'2024-12-04 15:51:04','2024-12-04 15:51:04'),(19,44,23,'添加子分类','btn.Category.add','',2,'',4,0,'2024-12-04 15:51:04','2024-12-04 15:51:04'),(20,45,23,'修改分类','btn.Category.update','',2,'',4,0,'2024-12-04 15:51:04','2024-12-04 15:51:04'),(21,46,23,'删除分类','btn.Category.remove','',2,'',4,0,'2024-12-04 15:51:04','2024-12-04 15:51:04'),(22,24,22,'平台属性管理','Attr','',1,'',3,0,'2024-12-04 15:51:04','2024-12-04 15:51:04'),(23,50,24,'添加属性','btn.Attr.add','',2,'',4,0,'2024-12-04 15:51:04','2024-12-04 15:51:04'),(24,51,24,'更新属性','btn.Attr.update','',2,'',4,0,'2024-12-04 15:51:04','2024-12-04 15:51:04'),(25,52,24,'删除属性','btn.Attr.remove','',2,'',4,0,'2024-12-04 15:51:04','2024-12-04 15:51:04'),(26,25,22,'品牌管理','Trademark','',1,'',3,0,'2024-12-04 15:51:04','2024-12-04 15:51:04'),(27,47,25,'添加品牌','btn.Trademark.add','',2,'',4,0,'2024-12-04 15:51:04','2024-12-04 15:51:04'),(28,48,25,'修改品牌','btn.Trademark.update','',2,'',4,0,'2024-12-04 15:51:04','2024-12-04 15:51:04'),(29,49,25,'删除品牌','btn.Trademark.remove','',2,'',4,0,'2024-12-04 15:51:04','2024-12-04 15:51:04'),(30,13146,25,'查询品牌','btn.Trademark.search','',2,'',4,0,'2024-12-04 15:51:04','2024-12-04 15:51:04'),(31,26,22,'SPU管理','Spu','',1,'',3,0,'2024-12-04 15:51:04','2024-12-04 15:51:04'),(32,53,26,'添加SPU','btn.Spu.add','',2,'',4,0,'2024-12-04 15:51:04','2024-12-04 15:51:04'),(33,54,26,'添加SKU','btn.Spu.addsku','',2,'',4,0,'2024-12-04 15:51:04','2024-12-04 15:51:04'),(34,55,26,'更新Spu','btn.Spu.update','',2,'',4,0,'2024-12-04 15:51:04','2024-12-04 15:51:04'),(35,56,26,'查看SKU列表','btn.Spu.skus','',2,'',4,0,'2024-12-04 15:51:04','2024-12-04 15:51:04'),(36,57,26,'删除Spu','btn.Spu.delete','',2,'',4,0,'2024-12-04 15:51:04','2024-12-04 15:51:04'),(37,27,22,'Sku管理','Sku','',1,'',3,0,'2024-12-04 15:51:04','2024-12-04 15:51:04'),(38,58,27,'Sku上下架','btn.Sku.updown','',2,'',4,0,'2024-12-04 15:51:04','2024-12-04 15:51:04'),(39,59,27,'更新SKU','btn.Sku.update','',2,'',4,0,'2024-12-04 15:51:04','2024-12-04 15:51:04'),(40,60,27,'Sku详情','btn.Sku.detail','',2,'',4,0,'2024-12-04 15:51:04','2024-12-04 15:51:04'),(41,61,27,'删除Sku','btn.Sku.remove','',2,'',4,0,'2024-12-04 15:51:04','2024-12-04 15:51:04'),(42,15814,22,'测试','11','',0,'',3,0,'2024-12-04 15:51:04','2024-12-04 15:51:04'),(43,15818,22,'Labelme','','',0,'',3,0,'2024-12-04 15:51:04','2024-12-04 15:51:04'),(44,28,1,'订单管理','Order','',1,'',2,0,'2024-12-04 15:51:04','2024-12-04 15:51:04'),(45,29,28,'订单列表','OrderList','',1,'',3,0,'2024-12-04 15:51:04','2024-12-04 15:51:04'),(46,41,29,'查看订单详情','btn.OrderList.detail','OrderShow',2,'',4,0,'2024-12-04 15:51:04','2024-12-04 15:51:04'),(47,42,29,'退款','btn.OrderList.Refund','Refund',2,'',4,0,'2024-12-04 15:51:04','2024-12-04 15:51:04'),(48,62,28,'退款管理','Refund','',1,'',3,0,'2024-12-04 15:51:04','2024-12-04 15:51:04'),(49,30,1,'客户管理','ClientUser','',1,'',2,0,'2024-12-04 15:51:04','2024-12-04 15:51:04'),(50,31,30,'客户列表','UserList','',1,'',3,0,'2024-12-04 15:51:04','2024-12-04 15:51:04'),(51,43,31,'锁定客户','btn.UserList.lock','',2,'',4,0,'2024-12-04 15:51:04','2024-12-04 15:51:04'),(52,32,1,'优惠管理','Discount','',1,'',2,0,'2024-12-04 15:51:04','2024-12-04 15:51:04'),(53,33,32,'优惠活动管理','Activity','',1,'',3,0,'2024-12-04 15:51:04','2024-12-04 15:51:04'),(54,35,33,'添加活动','btn.Activity.add','ActivityAdd',2,'',4,0,'2024-12-04 15:51:04','2024-12-04 15:51:04'),(55,36,33,'修改活动','btn.Activity.update','ActivityEdit',2,'',4,0,'2024-12-04 15:51:04','2024-12-04 15:51:04'),(56,37,33,'活动规则','btn.Activity.rule','ActivityRule',2,'',4,0,'2024-12-04 15:51:04','2024-12-04 15:51:04'),(57,14988,33,'活动监督','btn.Activity.jiandu','',0,'',4,0,'2024-12-04 15:51:04','2024-12-04 15:51:04'),(58,34,32,'优惠券管理','Coupon','',1,'',3,0,'2024-12-04 15:51:04','2024-12-04 15:51:04'),(59,38,34,'添加优惠券','btn.Coupon.add','CouponAdd',2,'',4,0,'2024-12-04 15:51:04','2024-12-04 15:51:04'),(60,39,34,'修改优惠券','btn.Coupon.update','CouponEdit',2,'',4,0,'2024-12-04 15:51:04','2024-12-04 15:51:04'),(61,40,34,'活动规则','btn.Coupon.rule','CouponRule',2,'',4,0,'2024-12-04 15:51:04','2024-12-04 15:51:04'),(62,15804,32,'优惠时间管理','Time','',0,'',3,0,'2024-12-04 15:51:04','2024-12-04 15:51:04'),(63,100,1,'全部','btn.all','',2,'',2,0,'2024-12-04 15:51:04','2024-12-04 15:51:04');
/*!40000 ALTER TABLE `menu` ENABLE KEYS */;
UNLOCK TABLES;

--
-- Table structure for table `role`
--

DROP TABLE IF EXISTS `role`;
/*!40101 SET @saved_cs_client     = @@character_set_client */;
/*!50503 SET character_set_client = utf8mb4 */;
CREATE TABLE `role` (
  `id` bigint NOT NULL AUTO_INCREMENT,
  `role_id` bigint NOT NULL,
  `role_name` varchar(255) NOT NULL,
  `remark` varchar(255) DEFAULT NULL,
  `create_time` timestamp NULL DEFAULT CURRENT_TIMESTAMP,
  `update_time` timestamp NULL DEFAULT CURRENT_TIMESTAMP ON UPDATE CURRENT_TIMESTAMP,
  PRIMARY KEY (`id`) USING BTREE,
  UNIQUE KEY `idx_role_name` (`role_name`) USING BTREE,
  UNIQUE KEY `idx_role_id` (`role_id`) USING BTREE
) ENGINE=InnoDB AUTO_INCREMENT=5 DEFAULT CHARSET=utf8mb4 COLLATE=utf8mb4_0900_ai_ci;
/*!40101 SET character_set_client = @saved_cs_client */;

--
-- Dumping data for table `role`
--

LOCK TABLES `role` WRITE;
/*!40000 ALTER TABLE `role` DISABLE KEYS */;
INSERT INTO `role` VALUES (1,1,'超级管理员','超级管理员','2024-12-09 12:24:06','2024-12-09 12:24:06'),(2,8804765909120,'测试','','2024-12-09 12:26:44','2024-12-09 12:26:44'),(3,8804775432320,'研发','','2024-12-09 12:26:53','2024-12-09 12:26:53'),(4,8804781645952,'运维','','2024-12-09 12:26:59','2024-12-09 12:26:59');
/*!40000 ALTER TABLE `role` ENABLE KEYS */;
UNLOCK TABLES;

--
-- Table structure for table `role_menu`
--

DROP TABLE IF EXISTS `role_menu`;
/*!40101 SET @saved_cs_client     = @@character_set_client */;
/*!50503 SET character_set_client = utf8mb4 */;
CREATE TABLE `role_menu` (
  `id` bigint NOT NULL AUTO_INCREMENT,
  `role_id` bigint NOT NULL,
  `menu_id` bigint NOT NULL,
  `create_time` timestamp NULL DEFAULT CURRENT_TIMESTAMP,
  `update_time` timestamp NULL DEFAULT CURRENT_TIMESTAMP ON UPDATE CURRENT_TIMESTAMP,
  PRIMARY KEY (`id`) USING BTREE
) ENGINE=InnoDB AUTO_INCREMENT=155 DEFAULT CHARSET=utf8mb4 COLLATE=utf8mb4_0900_ai_ci;
/*!40101 SET character_set_client = @saved_cs_client */;

--
-- Dumping data for table `role_menu`
--

LOCK TABLES `role_menu` WRITE;
/*!40000 ALTER TABLE `role_menu` DISABLE KEYS */;
INSERT INTO `role_menu` VALUES (1,1,1,'2024-12-07 14:56:32','2024-12-07 14:56:32'),(2,1,7,'2024-12-07 14:56:32','2024-12-07 14:56:32'),(3,1,8,'2024-12-07 14:56:32','2024-12-07 14:56:32'),(4,1,11,'2024-12-07 14:56:32','2024-12-07 14:56:32'),(5,1,12,'2024-12-07 14:56:32','2024-12-07 14:56:32'),(6,1,13,'2024-12-07 14:56:32','2024-12-07 14:56:32'),(7,1,14,'2024-12-07 14:56:32','2024-12-07 14:56:32'),(8,1,9,'2024-12-07 14:56:32','2024-12-07 14:56:32'),(9,1,15,'2024-12-07 14:56:32','2024-12-07 14:56:32'),(10,1,16,'2024-12-07 14:56:32','2024-12-07 14:56:32'),(11,1,17,'2024-12-07 14:56:32','2024-12-07 14:56:32'),(12,1,18,'2024-12-07 14:56:32','2024-12-07 14:56:32'),(13,1,10,'2024-12-07 14:56:32','2024-12-07 14:56:32'),(14,1,19,'2024-12-07 14:56:32','2024-12-07 14:56:32'),(15,1,20,'2024-12-07 14:56:32','2024-12-07 14:56:32'),(16,1,21,'2024-12-07 14:56:32','2024-12-07 14:56:32'),(17,1,22,'2024-12-07 14:56:32','2024-12-07 14:56:32'),(18,1,23,'2024-12-07 14:56:32','2024-12-07 14:56:32'),(19,1,44,'2024-12-07 14:56:32','2024-12-07 14:56:32'),(20,1,45,'2024-12-07 14:56:32','2024-12-07 14:56:32'),(21,1,46,'2024-12-07 14:56:32','2024-12-07 14:56:32'),(22,1,24,'2024-12-07 14:56:32','2024-12-07 14:56:32'),(23,1,50,'2024-12-07 14:56:32','2024-12-07 14:56:32'),(24,1,51,'2024-12-07 14:56:32','2024-12-07 14:56:32'),(25,1,52,'2024-12-07 14:56:32','2024-12-07 14:56:32'),(26,1,25,'2024-12-07 14:56:32','2024-12-07 14:56:32'),(27,1,47,'2024-12-07 14:56:32','2024-12-07 14:56:32'),(28,1,48,'2024-12-07 14:56:32','2024-12-07 14:56:32'),(29,1,49,'2024-12-07 14:56:32','2024-12-07 14:56:32'),(30,1,13146,'2024-12-07 14:56:32','2024-12-07 14:56:32'),(31,1,26,'2024-12-07 14:56:32','2024-12-07 14:56:32'),(32,1,53,'2024-12-07 14:56:32','2024-12-07 14:56:32'),(33,1,54,'2024-12-07 14:56:32','2024-12-07 14:56:32'),(34,1,55,'2024-12-07 14:56:32','2024-12-07 14:56:32'),(35,1,56,'2024-12-07 14:56:32','2024-12-07 14:56:32'),(36,1,57,'2024-12-07 14:56:32','2024-12-07 14:56:32'),(37,1,27,'2024-12-07 14:56:32','2024-12-07 14:56:32'),(38,1,58,'2024-12-07 14:56:32','2024-12-07 14:56:32'),(39,1,59,'2024-12-07 14:56:32','2024-12-07 14:56:32'),(40,1,60,'2024-12-07 14:56:32','2024-12-07 14:56:32'),(41,1,61,'2024-12-07 14:56:32','2024-12-07 14:56:32'),(42,1,15814,'2024-12-07 14:56:32','2024-12-07 14:56:32'),(43,1,15818,'2024-12-07 14:56:32','2024-12-07 14:56:32'),(44,1,28,'2024-12-07 14:56:32','2024-12-07 14:56:32'),(45,1,29,'2024-12-07 14:56:32','2024-12-07 14:56:32'),(46,1,41,'2024-12-07 14:56:32','2024-12-07 14:56:32'),(47,1,42,'2024-12-07 14:56:32','2024-12-07 14:56:32'),(48,1,62,'2024-12-07 14:56:32','2024-12-07 14:56:32'),(49,1,30,'2024-12-07 14:56:32','2024-12-07 14:56:32'),(50,1,31,'2024-12-07 14:56:32','2024-12-07 14:56:32'),(51,1,43,'2024-12-07 14:56:32','2024-12-07 14:56:32'),(52,1,32,'2024-12-07 14:56:32','2024-12-07 14:56:32'),(53,1,33,'2024-12-07 14:56:32','2024-12-07 14:56:32'),(54,1,35,'2024-12-07 14:56:32','2024-12-07 14:56:32'),(55,1,36,'2024-12-07 14:56:32','2024-12-07 14:56:32'),(56,1,37,'2024-12-07 14:56:32','2024-12-07 14:56:32'),(57,1,14988,'2024-12-07 14:56:32','2024-12-07 14:56:32'),(58,1,34,'2024-12-07 14:56:32','2024-12-07 14:56:32'),(59,1,38,'2024-12-07 14:56:32','2024-12-07 14:56:32'),(60,1,39,'2024-12-07 14:56:32','2024-12-07 14:56:32'),(61,1,40,'2024-12-07 14:56:32','2024-12-07 14:56:32'),(62,1,15804,'2024-12-07 14:56:32','2024-12-07 14:56:32'),(63,1,100,'2024-12-07 14:56:32','2024-12-07 14:56:32'),(64,1,1,'2024-12-08 04:17:43','2024-12-08 04:17:43'),(65,1,7,'2024-12-08 04:17:43','2024-12-08 04:17:43'),(66,1,8,'2024-12-08 04:17:43','2024-12-08 04:17:43'),(67,1,11,'2024-12-08 04:17:43','2024-12-08 04:17:43'),(68,1,12,'2024-12-08 04:17:43','2024-12-08 04:17:43'),(69,1,13,'2024-12-08 04:17:43','2024-12-08 04:17:43'),(70,1,14,'2024-12-08 04:17:43','2024-12-08 04:17:43'),(71,1,9,'2024-12-08 04:17:43','2024-12-08 04:17:43'),(72,1,15,'2024-12-08 04:17:43','2024-12-08 04:17:43'),(73,1,16,'2024-12-08 04:17:43','2024-12-08 04:17:43'),(74,1,17,'2024-12-08 04:17:43','2024-12-08 04:17:43'),(75,1,18,'2024-12-08 04:17:43','2024-12-08 04:17:43'),(76,1,10,'2024-12-08 04:17:43','2024-12-08 04:17:43'),(77,1,19,'2024-12-08 04:17:43','2024-12-08 04:17:43'),(78,1,20,'2024-12-08 04:17:43','2024-12-08 04:17:43'),(79,1,21,'2024-12-08 04:17:43','2024-12-08 04:17:43'),(80,1,22,'2024-12-08 04:17:43','2024-12-08 04:17:43'),(81,1,23,'2024-12-08 04:17:43','2024-12-08 04:17:43'),(82,1,44,'2024-12-08 04:17:43','2024-12-08 04:17:43'),(83,1,45,'2024-12-08 04:17:43','2024-12-08 04:17:43'),(84,1,46,'2024-12-08 04:17:43','2024-12-08 04:17:43'),(85,1,24,'2024-12-08 04:17:43','2024-12-08 04:17:43'),(86,1,50,'2024-12-08 04:17:43','2024-12-08 04:17:43'),(87,1,51,'2024-12-08 04:17:43','2024-12-08 04:17:43'),(88,1,52,'2024-12-08 04:17:43','2024-12-08 04:17:43'),(89,1,25,'2024-12-08 04:17:43','2024-12-08 04:17:43'),(90,1,47,'2024-12-08 04:17:43','2024-12-08 04:17:43'),(91,1,48,'2024-12-08 04:17:43','2024-12-08 04:17:43'),(92,1,49,'2024-12-08 04:17:43','2024-12-08 04:17:43'),(93,1,13146,'2024-12-08 04:17:43','2024-12-08 04:17:43'),(94,1,26,'2024-12-08 04:17:43','2024-12-08 04:17:43'),(95,1,53,'2024-12-08 04:17:43','2024-12-08 04:17:43'),(96,1,54,'2024-12-08 04:17:43','2024-12-08 04:17:43'),(97,1,55,'2024-12-08 04:17:43','2024-12-08 04:17:43'),(98,1,56,'2024-12-08 04:17:43','2024-12-08 04:17:43'),(99,1,57,'2024-12-08 04:17:43','2024-12-08 04:17:43'),(100,1,27,'2024-12-08 04:17:43','2024-12-08 04:17:43'),(101,1,58,'2024-12-08 04:17:43','2024-12-08 04:17:43'),(102,1,59,'2024-12-08 04:17:43','2024-12-08 04:17:43'),(103,1,60,'2024-12-08 04:17:43','2024-12-08 04:17:43'),(104,1,61,'2024-12-08 04:17:43','2024-12-08 04:17:43'),(105,1,15814,'2024-12-08 04:17:43','2024-12-08 04:17:43'),(106,1,15818,'2024-12-08 04:17:43','2024-12-08 04:17:43'),(107,1,28,'2024-12-08 04:17:43','2024-12-08 04:17:43'),(108,1,29,'2024-12-08 04:17:43','2024-12-08 04:17:43'),(109,1,41,'2024-12-08 04:17:43','2024-12-08 04:17:43'),(110,1,42,'2024-12-08 04:17:43','2024-12-08 04:17:43'),(111,1,62,'2024-12-08 04:17:43','2024-12-08 04:17:43'),(112,1,30,'2024-12-08 04:17:43','2024-12-08 04:17:43'),(113,1,31,'2024-12-08 04:17:43','2024-12-08 04:17:43'),(114,1,43,'2024-12-08 04:17:43','2024-12-08 04:17:43'),(115,1,32,'2024-12-08 04:17:43','2024-12-08 04:17:43'),(116,1,33,'2024-12-08 04:17:43','2024-12-08 04:17:43'),(117,1,35,'2024-12-08 04:17:43','2024-12-08 04:17:43'),(118,1,36,'2024-12-08 04:17:43','2024-12-08 04:17:43'),(119,1,37,'2024-12-08 04:17:43','2024-12-08 04:17:43'),(120,1,14988,'2024-12-08 04:17:43','2024-12-08 04:17:43'),(121,1,34,'2024-12-08 04:17:43','2024-12-08 04:17:43'),(122,1,38,'2024-12-08 04:17:43','2024-12-08 04:17:43'),(123,1,39,'2024-12-08 04:17:43','2024-12-08 04:17:43'),(124,1,40,'2024-12-08 04:17:43','2024-12-08 04:17:43'),(125,1,15804,'2024-12-08 04:17:43','2024-12-08 04:17:43'),(126,1,100,'2024-12-08 04:17:43','2024-12-08 04:17:43'),(127,8804765909120,22,'2024-12-09 12:27:40','2024-12-09 12:27:40'),(128,8804765909120,23,'2024-12-09 12:27:40','2024-12-09 12:27:40'),(129,8804765909120,44,'2024-12-09 12:27:40','2024-12-09 12:27:40'),(130,8804765909120,45,'2024-12-09 12:27:40','2024-12-09 12:27:40'),(131,8804765909120,46,'2024-12-09 12:27:40','2024-12-09 12:27:40'),(132,8804765909120,24,'2024-12-09 12:27:40','2024-12-09 12:27:40'),(133,8804765909120,50,'2024-12-09 12:27:40','2024-12-09 12:27:40'),(134,8804765909120,51,'2024-12-09 12:27:40','2024-12-09 12:27:40'),(135,8804765909120,52,'2024-12-09 12:27:40','2024-12-09 12:27:40'),(136,8804765909120,25,'2024-12-09 12:27:40','2024-12-09 12:27:40'),(137,8804765909120,47,'2024-12-09 12:27:40','2024-12-09 12:27:40'),(138,8804765909120,48,'2024-12-09 12:27:40','2024-12-09 12:27:40'),(139,8804765909120,49,'2024-12-09 12:27:40','2024-12-09 12:27:40'),(140,8804765909120,13146,'2024-12-09 12:27:40','2024-12-09 12:27:40'),(141,8804765909120,26,'2024-12-09 12:27:40','2024-12-09 12:27:40'),(142,8804765909120,53,'2024-12-09 12:27:40','2024-12-09 12:27:40'),(143,8804765909120,54,'2024-12-09 12:27:40','2024-12-09 12:27:40'),(144,8804765909120,55,'2024-12-09 12:27:40','2024-12-09 12:27:40'),(145,8804765909120,56,'2024-12-09 12:27:40','2024-12-09 12:27:40'),(146,8804765909120,57,'2024-12-09 12:27:40','2024-12-09 12:27:40'),(147,8804765909120,27,'2024-12-09 12:27:40','2024-12-09 12:27:40'),(148,8804765909120,58,'2024-12-09 12:27:40','2024-12-09 12:27:40'),(149,8804765909120,59,'2024-12-09 12:27:40','2024-12-09 12:27:40'),(150,8804765909120,60,'2024-12-09 12:27:40','2024-12-09 12:27:40'),(151,8804765909120,61,'2024-12-09 12:27:40','2024-12-09 12:27:40'),(152,8804765909120,15814,'2024-12-09 12:27:40','2024-12-09 12:27:40'),(153,8804765909120,15818,'2024-12-09 12:27:40','2024-12-09 12:27:40'),(154,8804765909120,1,'2024-12-09 12:27:40','2024-12-09 12:27:40');
/*!40000 ALTER TABLE `role_menu` ENABLE KEYS */;
UNLOCK TABLES;

--
-- Table structure for table `sale_attr`
--

DROP TABLE IF EXISTS `sale_attr`;
/*!40101 SET @saved_cs_client     = @@character_set_client */;
/*!50503 SET character_set_client = utf8mb4 */;
CREATE TABLE `sale_attr` (
  `id` bigint NOT NULL AUTO_INCREMENT,
  `sale_attr_id` bigint NOT NULL,
  `sale_attr_name` varchar(255) NOT NULL,
  `create_time` timestamp NULL DEFAULT CURRENT_TIMESTAMP,
  `update_time` timestamp NULL DEFAULT CURRENT_TIMESTAMP ON UPDATE CURRENT_TIMESTAMP,
  PRIMARY KEY (`id`) USING BTREE
) ENGINE=InnoDB AUTO_INCREMENT=4 DEFAULT CHARSET=utf8mb4 COLLATE=utf8mb4_0900_ai_ci;
/*!40101 SET character_set_client = @saved_cs_client */;

--
-- Dumping data for table `sale_attr`
--

LOCK TABLES `sale_attr` WRITE;
/*!40000 ALTER TABLE `sale_attr` DISABLE KEYS */;
INSERT INTO `sale_attr` VALUES (1,1,'颜色','2024-12-14 02:39:54','2024-12-14 02:39:54'),(2,2,'版本','2024-12-14 02:39:54','2024-12-14 02:39:54'),(3,3,'尺码','2024-12-14 02:39:54','2024-12-14 02:39:54');
/*!40000 ALTER TABLE `sale_attr` ENABLE KEYS */;
UNLOCK TABLES;

--
-- Table structure for table `sale_attr_value`
--

DROP TABLE IF EXISTS `sale_attr_value`;
/*!40101 SET @saved_cs_client     = @@character_set_client */;
/*!50503 SET character_set_client = utf8mb4 */;
CREATE TABLE `sale_attr_value` (
  `id` bigint NOT NULL AUTO_INCREMENT,
  `sale_attr_value_id` bigint NOT NULL,
  `sale_attr_value_name` varchar(255) NOT NULL,
  `sale_attr_id` bigint NOT NULL,
  `spu_id` bigint NOT NULL,
  `create_time` timestamp NULL DEFAULT CURRENT_TIMESTAMP,
  `update_time` timestamp NULL DEFAULT CURRENT_TIMESTAMP ON UPDATE CURRENT_TIMESTAMP,
  PRIMARY KEY (`id`),
  KEY `idx_sale_attr_value_name` (`sale_attr_value_name`) USING BTREE,
  KEY `idx_sale_attr_value_id` (`sale_attr_value_id`) USING BTREE
) ENGINE=InnoDB AUTO_INCREMENT=27 DEFAULT CHARSET=utf8mb4 COLLATE=utf8mb4_0900_ai_ci;
/*!40101 SET character_set_client = @saved_cs_client */;

--
-- Dumping data for table `sale_attr_value`
--

LOCK TABLES `sale_attr_value` WRITE;
/*!40000 ALTER TABLE `sale_attr_value` DISABLE KEYS */;
INSERT INTO `sale_attr_value` VALUES (3,9307314958468,'蓝色',1,9307314958464,'2024-12-15 04:46:14','2024-12-15 04:46:14'),(4,9307314958469,'黑色',1,9307314958464,'2024-12-15 04:46:14','2024-12-15 04:46:14'),(5,9307386580099,'银色',1,9307386580096,'2024-12-15 04:47:24','2024-12-15 04:47:24'),(6,9307444134019,'紫色',1,9307444134016,'2024-12-15 04:48:20','2024-12-15 04:48:20'),(23,9499217682566,'粉色',1,9304018587776,'2024-12-17 08:49:39','2024-12-17 08:49:39'),(24,9499217682567,'红色',1,9304018587776,'2024-12-17 08:49:39','2024-12-17 08:49:39'),(25,9499217682568,'K1',2,9304018587776,'2024-12-17 08:49:39','2024-12-17 08:49:39'),(26,9499217682569,'K2',2,9304018587776,'2024-12-17 08:49:39','2024-12-17 08:49:39');
/*!40000 ALTER TABLE `sale_attr_value` ENABLE KEYS */;
UNLOCK TABLES;

--
-- Table structure for table `sku`
--

DROP TABLE IF EXISTS `sku`;
/*!40101 SET @saved_cs_client     = @@character_set_client */;
/*!50503 SET character_set_client = utf8mb4 */;
CREATE TABLE `sku` (
  `id` bigint NOT NULL AUTO_INCREMENT,
  `sku_id` bigint NOT NULL,
  `spu_id` bigint NOT NULL,
  `category_3_id` bigint NOT NULL,
  `tm_id` bigint NOT NULL,
  `sku_name` varchar(255) NOT NULL,
  `weight` varchar(255) NOT NULL,
  `price` bigint NOT NULL,
  `sku_desc` varchar(255) NOT NULL,
  `sku_default_img` varchar(255) NOT NULL,
  `is_sale` tinyint(1) NOT NULL DEFAULT '0',
  PRIMARY KEY (`id`)
) ENGINE=InnoDB AUTO_INCREMENT=11 DEFAULT CHARSET=utf8mb4 COLLATE=utf8mb4_0900_ai_ci;
/*!40101 SET character_set_client = @saved_cs_client */;

--
-- Dumping data for table `sku`
--

LOCK TABLES `sku` WRITE;
/*!40000 ALTER TABLE `sku` DISABLE KEYS */;
INSERT INTO `sku` VALUES (10,9499146396800,9304018587776,61,8883796205696,'oppo find x7','1000',699,'松影墨韵 | 大漠银月 | 海阔天空','/api/static/img/sph/20241215/oppo1.jpeg',0);
/*!40000 ALTER TABLE `sku` ENABLE KEYS */;
UNLOCK TABLES;

--
-- Table structure for table `sku_attr_value`
--

DROP TABLE IF EXISTS `sku_attr_value`;
/*!40101 SET @saved_cs_client     = @@character_set_client */;
/*!50503 SET character_set_client = utf8mb4 */;
CREATE TABLE `sku_attr_value` (
  `id` bigint NOT NULL AUTO_INCREMENT,
  `sku_attr_value_id` bigint NOT NULL,
  `attr_id` bigint NOT NULL,
  `value_id` bigint NOT NULL,
  `value_name` varchar(255) NOT NULL,
  `attr_name` varchar(255) NOT NULL,
  `sku_id` bigint NOT NULL,
  PRIMARY KEY (`id`)
) ENGINE=InnoDB AUTO_INCREMENT=31 DEFAULT CHARSET=utf8mb4 COLLATE=utf8mb4_0900_ai_ci;
/*!40101 SET character_set_client = @saved_cs_client */;

--
-- Dumping data for table `sku_attr_value`
--

LOCK TABLES `sku_attr_value` WRITE;
/*!40000 ALTER TABLE `sku_attr_value` DISABLE KEYS */;
INSERT INTO `sku_attr_value` VALUES (26,9499146402944,4944215272329216,4944215272329217,'安卓手机','手机一级',9499146396800),(27,9499146407040,5172348206452736,5172348206452737,'1200mAh以下','电池容量',9499146396800),(28,9499146410112,5172598098890752,5172598098890753,'128G','运行内存',9499146396800),(29,9499146413184,5172776310673408,5172776310673409,'32G','机身内存',9499146396800),(30,9499146417280,5189255789809664,5336270704218112,'枭龙730G','CPU型号',9499146396800);
/*!40000 ALTER TABLE `sku_attr_value` ENABLE KEYS */;
UNLOCK TABLES;

--
-- Table structure for table `sku_image`
--

DROP TABLE IF EXISTS `sku_image`;
/*!40101 SET @saved_cs_client     = @@character_set_client */;
/*!50503 SET character_set_client = utf8mb4 */;
CREATE TABLE `sku_image` (
  `id` bigint NOT NULL AUTO_INCREMENT,
  `image_id` bigint NOT NULL,
  `sku_id` bigint NOT NULL,
  `image_url` varchar(255) NOT NULL,
  `spu_image_id` bigint NOT NULL,
  `is_default` varchar(1) NOT NULL DEFAULT '0',
  PRIMARY KEY (`id`)
) ENGINE=InnoDB AUTO_INCREMENT=5 DEFAULT CHARSET=utf8mb4 COLLATE=utf8mb4_0900_ai_ci;
/*!40101 SET character_set_client = @saved_cs_client */;

--
-- Dumping data for table `sku_image`
--

LOCK TABLES `sku_image` WRITE;
/*!40000 ALTER TABLE `sku_image` DISABLE KEYS */;
INSERT INTO `sku_image` VALUES (1,9499217682560,9499146396800,'/api/static/img/sph/20241215/oppo1.jpeg',9499217682560,'1'),(2,9499217682561,9499146396800,'/api/static/img/sph/20241215/oppo2.jpeg',9499217682561,'0'),(3,9499217682562,9499146396800,'/api/static/img/sph/20241217/oppo3.jpeg',9499217682562,'0'),(4,9499217682563,9499146396800,'/api/static/img/sph/20241217/oppo4.jpeg',9499217682563,'0');
/*!40000 ALTER TABLE `sku_image` ENABLE KEYS */;
UNLOCK TABLES;

--
-- Table structure for table `sku_sale_attr_value`
--

DROP TABLE IF EXISTS `sku_sale_attr_value`;
/*!40101 SET @saved_cs_client     = @@character_set_client */;
/*!50503 SET character_set_client = utf8mb4 */;
CREATE TABLE `sku_sale_attr_value` (
  `id` bigint NOT NULL AUTO_INCREMENT,
  `sku_sale_attr_value_id` bigint NOT NULL,
  `sale_attr_id` bigint NOT NULL,
  `sale_attr_value_id` bigint NOT NULL,
  `sale_attr_name` varchar(255) NOT NULL,
  `sale_attr_value_name` varchar(255) NOT NULL,
  `sku_id` bigint NOT NULL,
  PRIMARY KEY (`id`)
) ENGINE=InnoDB AUTO_INCREMENT=5 DEFAULT CHARSET=utf8mb4 COLLATE=utf8mb4_0900_ai_ci;
/*!40101 SET character_set_client = @saved_cs_client */;

--
-- Dumping data for table `sku_sale_attr_value`
--

LOCK TABLES `sku_sale_attr_value` WRITE;
/*!40000 ALTER TABLE `sku_sale_attr_value` DISABLE KEYS */;
INSERT INTO `sku_sale_attr_value` VALUES (3,9499146420352,9497454667906,9497454667908,'颜色','粉色',9499146396800),(4,9499146422400,9497454667907,9497454667910,'版本','K1',9499146396800);
/*!40000 ALTER TABLE `sku_sale_attr_value` ENABLE KEYS */;
UNLOCK TABLES;

--
-- Table structure for table `spu`
--

DROP TABLE IF EXISTS `spu`;
/*!40101 SET @saved_cs_client     = @@character_set_client */;
/*!50503 SET character_set_client = utf8mb4 */;
CREATE TABLE `spu` (
  `id` bigint NOT NULL AUTO_INCREMENT,
  `spu_id` bigint NOT NULL,
  `spu_name` varchar(255) NOT NULL,
  `description` varchar(255) NOT NULL,
  `category3_id` bigint NOT NULL,
  `tm_id` bigint NOT NULL,
  `create_time` timestamp NULL DEFAULT CURRENT_TIMESTAMP,
  `update_time` timestamp NULL DEFAULT CURRENT_TIMESTAMP ON UPDATE CURRENT_TIMESTAMP,
  PRIMARY KEY (`id`),
  KEY `idx_spu_name` (`spu_name`) USING BTREE,
  KEY `idx_spu_id` (`spu_id`) USING BTREE
) ENGINE=InnoDB AUTO_INCREMENT=6 DEFAULT CHARSET=utf8mb4 COLLATE=utf8mb4_0900_ai_ci;
/*!40101 SET character_set_client = @saved_cs_client */;

--
-- Dumping data for table `spu`
--

LOCK TABLES `spu` WRITE;
/*!40000 ALTER TABLE `spu` DISABLE KEYS */;
INSERT INTO `spu` VALUES (1,9304018587776,'oppo','OPPO（OPPO广东移动通信有限公司），是由陈明永于2004年创立，[107] 是一家全球领先的智能终端制造商和移动互联网服务提供商 [108]，业务遍及50多个国家和地区。[109] 通过40多万个销售网点及2500个服务重新，与全球用户共享科技之美。[110]',61,8883796205696,'2024-12-15 03:52:35','2024-12-15 03:52:35'),(2,9307314958464,'vivo','vivo品牌产品包括智能手机、平板电脑、智能手表等 [94]，截至2022年8月，进驻60多个国家和地区，全球用户覆盖4亿多人，研发覆盖深圳、东莞（总部）、北京、上海、南京、杭州、西安等。2011年11月vivo发布首款智能手机；2019年3月vivo发布子品牌iQOO，宣传“生而强悍探索不止”理念。 [93]',61,8883859017856,'2024-12-15 04:46:14','2024-12-15 04:46:14'),(3,9307386580096,'华为','华为技术有限公司（Huawei Technologies Co., Ltd，简称“华为”），1987年由任正非创立，总部位于广东省深圳市龙岗区 [434]，是全球领先的信息与通信技术（ICT）解决方案供应商 [12]，主要包括运营商网络 [651]、企业解决方案 [652]、华为终端 [653]、手机 [655]、华为云 [654]、汽车终端 [656]、互联网 [657]、支付等多个业务。 [658]',61,8883567383680,'2024-12-15 04:47:24','2024-12-15 04:47:24'),(4,9307444134016,'Apple','苹果公司（Apple Inc.），是美国的一家跨国科技公司，2023财年收入为3832.85亿美元， [307]总部位于美国加州库比蒂诺硅谷，由史蒂夫·乔布斯和斯蒂夫·盖瑞·沃兹尼亚克共同创立。公司最初从事电脑设计与销售业务，后发展为包括设计和研发电脑、手机、穿戴设备等电子产品，提供计算机软件、在线服务等业务 [65] [184] [199]。',61,9214369407104,'2024-12-15 04:48:20','2024-12-15 04:48:20');
/*!40000 ALTER TABLE `spu` ENABLE KEYS */;
UNLOCK TABLES;

--
-- Table structure for table `spu_image_list`
--

DROP TABLE IF EXISTS `spu_image_list`;
/*!40101 SET @saved_cs_client     = @@character_set_client */;
/*!50503 SET character_set_client = utf8mb4 */;
CREATE TABLE `spu_image_list` (
  `id` bigint NOT NULL AUTO_INCREMENT,
  `image_id` bigint NOT NULL,
  `image_name` varchar(255) NOT NULL,
  `image_url` varchar(255) NOT NULL,
  `spu_id` bigint NOT NULL,
  `create_time` timestamp NULL DEFAULT CURRENT_TIMESTAMP,
  `update_time` timestamp NULL DEFAULT CURRENT_TIMESTAMP ON UPDATE CURRENT_TIMESTAMP,
  PRIMARY KEY (`id`),
  KEY `idx_image_name` (`image_name`) USING BTREE,
  KEY `idx_image_id` (`image_id`) USING BTREE
) ENGINE=InnoDB AUTO_INCREMENT=23 DEFAULT CHARSET=utf8mb4 COLLATE=utf8mb4_0900_ai_ci;
/*!40101 SET character_set_client = @saved_cs_client */;

--
-- Dumping data for table `spu_image_list`
--

LOCK TABLES `spu_image_list` WRITE;
/*!40000 ALTER TABLE `spu_image_list` DISABLE KEYS */;
INSERT INTO `spu_image_list` VALUES (3,9307314958465,'vivo1.jpeg','/api/static/img/sph/20241215/vivo1.jpeg',9307314958464,'2024-12-15 04:46:14','2024-12-15 04:46:14'),(4,9307314958466,'vivo2.jpeg','/api/static/img/sph/20241215/vivo2.jpeg',9307314958464,'2024-12-15 04:46:14','2024-12-15 04:46:14'),(5,9307386580097,'meta70.jpg','/api/static/img/sph/20241215/meta70.jpg',9307386580096,'2024-12-15 04:47:24','2024-12-15 04:47:24'),(6,9307444134017,'apple14pro.jpeg','/api/static/img/sph/20241215/apple14pro.jpeg',9307444134016,'2024-12-15 04:48:20','2024-12-15 04:48:20'),(19,9499217682560,'oppo1.jpeg','/api/static/img/sph/20241215/oppo1.jpeg',9304018587776,'2024-12-17 08:49:39','2024-12-17 08:49:39'),(20,9499217682561,'oppo2.jpeg','/api/static/img/sph/20241215/oppo2.jpeg',9304018587776,'2024-12-17 08:49:39','2024-12-17 08:49:39'),(21,9499217682562,'oppo3.jpeg','/api/static/img/sph/20241217/oppo3.jpeg',9304018587776,'2024-12-17 08:49:39','2024-12-17 08:49:39'),(22,9499217682563,'oppo4.jpeg','/api/static/img/sph/20241217/oppo4.jpeg',9304018587776,'2024-12-17 08:49:39','2024-12-17 08:49:39');
/*!40000 ALTER TABLE `spu_image_list` ENABLE KEYS */;
UNLOCK TABLES;

--
-- Table structure for table `spu_sale_attr`
--

DROP TABLE IF EXISTS `spu_sale_attr`;
/*!40101 SET @saved_cs_client     = @@character_set_client */;
/*!50503 SET character_set_client = utf8mb4 */;
CREATE TABLE `spu_sale_attr` (
  `id` bigint NOT NULL AUTO_INCREMENT,
  `spu_sale_attr_id` bigint NOT NULL,
  `base_sale_attr_id` bigint NOT NULL,
  `sale_attr_name` varchar(255) NOT NULL,
  `spu_id` bigint NOT NULL,
  `create_time` timestamp NULL DEFAULT CURRENT_TIMESTAMP,
  `update_time` timestamp NULL DEFAULT CURRENT_TIMESTAMP ON UPDATE CURRENT_TIMESTAMP,
  PRIMARY KEY (`id`) USING BTREE
) ENGINE=InnoDB AUTO_INCREMENT=17 DEFAULT CHARSET=utf8mb4 COLLATE=utf8mb4_0900_ai_ci;
/*!40101 SET character_set_client = @saved_cs_client */;

--
-- Dumping data for table `spu_sale_attr`
--

LOCK TABLES `spu_sale_attr` WRITE;
/*!40000 ALTER TABLE `spu_sale_attr` DISABLE KEYS */;
INSERT INTO `spu_sale_attr` VALUES (2,9307314958467,1,'颜色',9307314958464,'2024-12-15 04:46:14','2024-12-15 04:46:14'),(3,9307386580098,1,'颜色',9307386580096,'2024-12-15 04:47:24','2024-12-15 04:47:24'),(4,9307444134018,1,'颜色',9307444134016,'2024-12-15 04:48:20','2024-12-15 04:48:20'),(15,9499217682564,1,'颜色',9304018587776,'2024-12-17 08:49:39','2024-12-17 08:49:39'),(16,9499217682565,2,'版本',9304018587776,'2024-12-17 08:49:39','2024-12-17 08:49:39');
/*!40000 ALTER TABLE `spu_sale_attr` ENABLE KEYS */;
UNLOCK TABLES;

--
-- Table structure for table `trademark`
--

DROP TABLE IF EXISTS `trademark`;
/*!40101 SET @saved_cs_client     = @@character_set_client */;
/*!50503 SET character_set_client = utf8mb4 */;
CREATE TABLE `trademark` (
  `id` bigint NOT NULL AUTO_INCREMENT,
  `tm_id` bigint NOT NULL,
  `tm_name` varchar(255) NOT NULL,
  `logo_url` varchar(255) NOT NULL,
  `create_time` timestamp NULL DEFAULT CURRENT_TIMESTAMP,
  `update_time` timestamp NULL DEFAULT CURRENT_TIMESTAMP ON UPDATE CURRENT_TIMESTAMP,
  PRIMARY KEY (`id`),
  UNIQUE KEY `idx_tm_name` (`tm_name`) USING BTREE,
  UNIQUE KEY `idx_tm_id` (`tm_id`) USING BTREE
) ENGINE=InnoDB AUTO_INCREMENT=7 DEFAULT CHARSET=utf8mb4 COLLATE=utf8mb4_0900_ai_ci;
/*!40101 SET character_set_client = @saved_cs_client */;

--
-- Dumping data for table `trademark`
--

LOCK TABLES `trademark` WRITE;
/*!40000 ALTER TABLE `trademark` DISABLE KEYS */;
INSERT INTO `trademark` VALUES (1,8883567383680,'华为','/api/static/img/sph/20240908/huawei.jpg','2024-12-10 09:49:18','2024-12-10 09:49:18'),(2,8883595895936,'小米','/api/static/img/sph/20240909/xiaomi.png','2024-12-10 09:49:46','2024-12-10 09:49:46'),(3,8883796205696,'OPPO','/api/static/img/sph/20241210/oppo.jpeg','2024-12-10 09:53:02','2024-12-10 09:53:02'),(4,8883859017856,'vivo','/api/static/img/sph/20241210/vivo.jpeg','2024-12-10 09:54:03','2024-12-10 09:54:45'),(5,8883988185216,'雅诗兰黛','/api/static/img/sph/20241210/ysld.jpeg','2024-12-10 09:56:09','2024-12-10 09:57:16'),(6,9214369407104,'Apple','/api/static/img/sph/20241214/apple_logo.jpeg','2024-12-14 03:33:27','2024-12-14 03:33:27');
/*!40000 ALTER TABLE `trademark` ENABLE KEYS */;
UNLOCK TABLES;

--
-- Table structure for table `user`
--

DROP TABLE IF EXISTS `user`;
/*!40101 SET @saved_cs_client     = @@character_set_client */;
/*!50503 SET character_set_client = utf8mb4 */;
CREATE TABLE `user` (
  `id` bigint NOT NULL AUTO_INCREMENT,
  `user_id` bigint NOT NULL,
  `username` varchar(64) NOT NULL,
  `password` varchar(64) NOT NULL,
  `name` varchar(64) NOT NULL,
  `phone` varchar(20) DEFAULT NULL,
  `avatar` varchar(255) DEFAULT NULL,
  `create_time` timestamp NULL DEFAULT CURRENT_TIMESTAMP,
  `update_time` timestamp NULL DEFAULT CURRENT_TIMESTAMP ON UPDATE CURRENT_TIMESTAMP,
  PRIMARY KEY (`id`),
  UNIQUE KEY `idx_username` (`username`) USING BTREE,
  UNIQUE KEY `idx_user_id` (`user_id`) USING BTREE
) ENGINE=InnoDB AUTO_INCREMENT=3 DEFAULT CHARSET=utf8mb4 COLLATE=utf8mb4_0900_ai_ci;
/*!40101 SET character_set_client = @saved_cs_client */;

--
-- Dumping data for table `user`
--

LOCK TABLES `user` WRITE;
/*!40000 ALTER TABLE `user` DISABLE KEYS */;
INSERT INTO `user` VALUES (1,1,'admin','313131313131a21c218df41f6d7fd032535fe20394e2','管理员',NULL,'https://wpimg.wallstcn.com/f778738c-e4f8-4870-b634-56703b4acafe.gif','2024-12-09 12:22:56','2024-12-09 12:22:56'),(2,8804574609536,'张三123','313131313131a21c218df41f6d7fd032535fe20394e2','张三123',NULL,NULL,'2024-12-09 12:23:37','2024-12-09 12:23:37');
/*!40000 ALTER TABLE `user` ENABLE KEYS */;
UNLOCK TABLES;

--
-- Table structure for table `user_role`
--

DROP TABLE IF EXISTS `user_role`;
/*!40101 SET @saved_cs_client     = @@character_set_client */;
/*!50503 SET character_set_client = utf8mb4 */;
CREATE TABLE `user_role` (
  `id` bigint NOT NULL AUTO_INCREMENT,
  `user_id` bigint NOT NULL,
  `role_id` bigint NOT NULL,
  `create_time` timestamp NULL DEFAULT CURRENT_TIMESTAMP,
  `update_time` timestamp NULL DEFAULT CURRENT_TIMESTAMP ON UPDATE CURRENT_TIMESTAMP,
  PRIMARY KEY (`id`) USING BTREE
) ENGINE=InnoDB AUTO_INCREMENT=4 DEFAULT CHARSET=utf8mb4 COLLATE=utf8mb4_0900_ai_ci;
/*!40101 SET character_set_client = @saved_cs_client */;

--
-- Dumping data for table `user_role`
--

LOCK TABLES `user_role` WRITE;
/*!40000 ALTER TABLE `user_role` DISABLE KEYS */;
INSERT INTO `user_role` VALUES (1,1,1,'2024-12-09 12:25:45','2024-12-09 12:25:45'),(3,8804574609536,8804765909120,'2024-12-09 12:28:59','2024-12-09 12:28:59');
/*!40000 ALTER TABLE `user_role` ENABLE KEYS */;
UNLOCK TABLES;
/*!40103 SET TIME_ZONE=@OLD_TIME_ZONE */;

/*!40101 SET SQL_MODE=@OLD_SQL_MODE */;
/*!40014 SET FOREIGN_KEY_CHECKS=@OLD_FOREIGN_KEY_CHECKS */;
/*!40014 SET UNIQUE_CHECKS=@OLD_UNIQUE_CHECKS */;
/*!40101 SET CHARACTER_SET_CLIENT=@OLD_CHARACTER_SET_CLIENT */;
/*!40101 SET CHARACTER_SET_RESULTS=@OLD_CHARACTER_SET_RESULTS */;
/*!40101 SET COLLATION_CONNECTION=@OLD_COLLATION_CONNECTION */;
/*!40111 SET SQL_NOTES=@OLD_SQL_NOTES */;

-- Dump completed on 2024-12-17 16:57:50
